primary_artist,country,songs,plays
Daft Punk,FR,96,4114
Bon Entendeur,FR,27,3387
Joe Dassin,FR,24,3230
Chicago,US,20,3150
Dua Lipa,GB,21,2203
Coldplay,GB,30,1993
Polo & Pan,FR,17,1836
Baddiel Skinner,GB,3,1589
Supertramp,GB,7,1180
Jacques Brel,FR,11,1148
Renaud,FR,19,1122
PNL,FR,16,1085
Justice,FR,22,1081
ABBA,SE,13,1044
Anri,JP,8,1011
Charles Aznavour,FR,10,1002
Lifelike,FR,8,996
Tatsuro Yamashita,JP,9,980
Serge Gainsbourg,FR,18,957
442oons,GB,13,898
Beach Boys,US,9,898
MIKA,GB,12,891
David Guetta,FR,23,862
The Weeknd,CA,8,816
Queen,GB,11,809
Synapson,FR,16,802
Calvin Harris,GB,11,793
Rucka Rucka Ali,US,34,793
Gigamesh,US,8,787
Pink Floyd,GB,25,727
Maroon 5,US,12,673
AIR (Band),FR,11,657
Calogero,FR,6,656
Eric Prydz,SE,3,632
L'Impératrice,FR,7,629
The Beatles,GB,21,626
Modern Talking,DE,7,615
Kungs,FR,5,609
Drake,CA,11,569
Johnny Cash,US,8,569
Visitor,AU,2,552
Tame Impala,AU,6,550
Electric Light Orchestra,GB,4,526
Avicii,SE,10,525
Blondie,US,7,518
Madonna,US,21,512
Phil Collins,GB,8,512
Alain Souchon,FR,7,510
Simon,,6,510
Benjamin Bellman,FR,33,503
Vantage,JP,6,503
Bee Gees,GB,5,498
LaLa Land Cast,US,4,491
Saint Pepsi,US,5,491
Kendrick Lamar,US,5,489
Therapie Taxi,FR,4,489
Disney,US,9,486
Shakira,CO,8,465
Guts,FR,5,458
Billy Joel,US,7,455
Yung Bae,US,4,453
Clean Bandit,GB,3,424
Ava Max,US,3,421
Vegedream,FR,3,414
The Chainsmokers,US,5,408
Rita Ora,GB,3,407
Horalion,FR,2,402
Purple Disco Machine,DE,4,397
Last Dinosaurs,AU,5,387
Blue Oyster Cult,US,4,386
KC & The Sunshine Band,US,6,381
Odezenne,FR,8,381
Britney Spears,US,13,374
Cheb Khaled,FR,3,370
Taylor Swift,US,3,363
Velvet Underground,US,2,362
Eric Carmen,US,2,359
France Gall,FR,7,359
George Brassens,FR,7,359
Die Woodys,DE,2,349
Patrick Cowley,US,2,349
Kylie Minogue,AU,5,346
Videoclub,FR,3,342
Doja Cat,US,5,340
Francoise Hardy,FR,5,338
Childhood,FR,1,334
Pitbull,US,8,334
Lost Frequencies  & Kungs,,1,330
Desired,RU,4,329
Boney M.,DE,5,326
Armin van Buuren,NL,3,323
MACROSS 82-99,MX,3,321
Supermode,SE,1,320
Alan Braxe & Fred Falke,FR,3,319
Mattyeux,FR,1,317
Frankie Valli & The Four Seasons,US,4,316
Marina Kaye,FR,2,314
Regard,XK,2,311
.EEhou,RU,3,310
Tiesto,NL,4,304
Tony Igy,RU,3,304
Claude François,FR,4,303
Ottowan,FR,3,302
Mere Notilde,US,2,301
Lost Frequencies  & Janieck Devy,,2,300
Ariana Grande,US,5,299
French 79,FR,1,299
Hot Chocolate,GB,2,299
Air Supply,AU,1,298
Daddy Yankee,US,3,294
Iam Groupe,FR,2,290
Jean Ferrat,FR,5,289
Sacha Distel,FR,1,289
Stromae,FR,5,289
Michael Jackson,US,11,288
Cassius,FR,5,287
Kanye West,US,9,286
Stefie Shock,CA,2,284
Dim Zach,GR,1,283
Hall & Oates,US,5,282
The Avener & M.I.L.K.,FR,1,281
Chromeo,CA,8,278
All Hail the Silence,,1,277
Green Day,US,7,277
Gipsy Kings,FR,5,273
Linkin Park,US,10,273
Bakermat,NL,7,272
Poolside,US,3,271
Eminem,US,9,269
Post Malone,US,4,269
Matchbox Twenty,US,3,266
DEEJMD,GR,1,265
Dayglow,US,4,264
Simple Plan,CA,6,264
Harry Belafonte,US,2,262
Demon,FR,1,259
Empire of the Sun,AU,3,259
Journey,US,6,259
Kool & the Gang,US,5,259
Michael Bublé,CA,4,256
Daft Punk (Thomas Bangalter & DJ Falcon as Together),FR,1,255
Imagine Dragons,US,5,255
Francis Cabrel,FR,6,254
Tal (artist),FR,1,253
Dead or Alive,GB,3,252
Dansu,NL,3,251
Fleetwood Mac,GB,4,251
Miki Matsubara,JP,2,251
Gilbert Bécaud,FR,2,248
Kali Uchis,CO,3,248
Daniel Balavoine,FR,4,247
nawhij,KR,6,245
Pakito,FR,4,244
Manu Chao,FR,5,243
Superbus,FR,7,243
Gesaffelstein,FR,9,239
Amy Winehouse,GB,3,238
Flight Facilities,AU,7,238
Benny Benassi,IT,9,236
La Compagnie Creole,FR,2,235
Satoshi Kon,JP,1,235
The 5th Dimension,US,1,235
The Strokes,US,2,235
The Superman Lovers,FR,1,235
Boy Pablo,CL,3,234
Sade,GB,3,234
Trans-X,CA,2,234
Red Hot Chili Pepper,US,3,232
Cour De Recré,FR,1,230
Lil Dicky,US,5,229
Toshiki Kadomatsu,JP,3,228
Matthew Wilder,US,1,227
The Rolling Stones,GB,2,227
Parov Stelar,AT,5,226
Pony Pony Run Run,FR,2,224
Wax Audio,US,2,224
Benjamin Belllman,FR,5,223
The Cyrkle,US,1,221
The Lonely Island,US,9,221
"DJ Alex Man, PHURS, Andreea Flavia",RO,1,220
Robyn,SE,2,219
Flovry & Tender Spring,NO,2,218
Conan Gray,US,2,217
David Bowie,GB,7,217
Sting,GB,3,214
Bénabar,FR,5,212
Image (Band),DE,1,211
Wünsche,SE,2,211
Cigarettes After Sex,US,2,210
DJ Mehdi,FR,2,210
Engelbert Humperdinck,GB,2,209
Paradis,FR,2,209
Thomas Bangalter & Dj Falcon,FR,4,209
Paul Johnson,US,1,208
DJ Antoine,CH,2,207
Gilbert O'Sullivan,IE,1,206
Lomtre,DK,2,206
The Foundations,GB,1,206
Cerrone,FR,2,203
Moby,US,3,203
Royksopp,NO,2,202
Train,US,4,202
Kid Francescoli,FR,2,201
Phantoms,US,1,200
Julien Clerc,FR,1,199
Alain Bashung,FR,3,198
Tryo,FR,6,198
Benjamin Biolay,FR,2,196
Lou Reed,US,2,196
Moondough,US,1,196
Rudolph,US,2,196
Dropkick Murphys,US,2,195
Pet Shop Boys,GB,1,195
Fake Blood,GB,1,194
Mika,GB,2,194
S. Kiyotaka & Omega Tribe,JP,1,194
Fall Out Boy,US,12,193
Night Tempo,KR,2,192
Sage the Gemini,US,2,192
Disclosure,GB,8,191
Magic System,FR,3,191
Weezer,US,2,191
"""Weird Al"" Yankovic",,11,190
George Moir,US,1,190
Le Maitre,NO,4,189
Senor Stereo,US,1,189
Will Smith,US,6,189
Harry Nillson,US,2,188
OneRepublic,US,6,188
Lady Gaga,US,3,187
Bealby Point,CA,1,186
Tom Lehrer,US,3,186
Cold(Artist),US,2,184
Epic Rap Battles of History,US,11,184
Linda Scott,US,1,181
Vansire,US,2,181
"Maes, Ninho",FR,1,180
Gryffin,US,1,179
Clara Luciani,FR,2,178
Lady GaGa,US,4,178
CASCADA,DE,4,177
Randy Bachman,CA,1,177
Selena Gomez,US,3,176
Van She,AU,3,176
Badfinger,GB,2,175
Beastie Boys,US,2,175
FIFTY FIFTY (피프티피프티),KR,1,175
Your Favorite Martian,US,13,174
Blur,GB,3,173
David Cassidy,US,1,173
F.R. David,FR,3,173
Mr. Oizo,FR,4,173
Rolling Stones,GB,4,173
Black Eyed Peas,US,7,172
Ricky Martin,US,3,172
Riton & Kah-Lo & Empire of the Sun,NG,1,172
Toto,US,3,172
Jean-Pierre Mader,FR,1,170
Michel Sardou,FR,2,170
Family Guy,US,1,168
Global Deejays,AT,3,168
Gorillaz,GB,6,168
Michel Delpech,FR,2,168
The Glitch Mob,US,4,168
Madcon,NO,3,167
Fatboy Slim,GB,3,166
Lana Del Rey,US,5,165
Noah Chenfeld,US,2,165
Susumu Hirasawa,JP,1,165
Swivel Hips,DE,1,165
Alanis Morissette,CA,3,164
John Sebastian,US,1,164
Mr.Vtage,US,1,164
The Offspring,US,3,164
U2,IE,5,164
James Blunt,GB,5,163
PNAU,AU,1,163
Smash Mouth,US,3,163
Tove Lo,SE,2,163
The Cure,GB,6,162
"Elton John, Dua Lipa",,1,161
Got Jax,US,1,160
Nino Ferrer,FR,4,160
J-Five,US,1,159
The Jackson 5,US,3,159
Barbara,FR,2,157
Kate Bush,GB,2,157
Masayoshi Takanaka,JP,1,157
Os Tincoas,BR,2,157
Take That,GB,2,157
Utah Saints,GB,1,157
Feder,FR,2,156
Gunther & Samantha Fox,SE,1,156
Isabelle Pierre,FR,2,156
Jean Jacques Goldman,FR,3,156
Meiko Nakahara,JP,4,156
Lighthouse Family,GB,2,154
Nu (band),DE,2,153
Trois Cafés Gourmands,FR,1,153
Vince Dicola,US,1,153
Brigitte Bardot,FR,3,152
Duck Sauce,CA,6,152
Flume,AU,4,152
The Pointer Sisters,US,2,152
113,FR,1,151
Frank Sinatra,US,8,151
Gabrielle,GB,2,151
MGMT,US,4,151
Mitiko & Bon Entendeur,FR,1,151
OutKast,US,2,151
Savant,NO,1,151
COEO,DE,1,150
L'Algerino,FR,1,150
Swedish House Mafia,SE,5,149
Mattafix,GB,1,148
Cevin Fisher,US,1,147
Alan Walker,NO,1,146
Booba,FR,4,146
Bryce Vine,US,1,146
M.A.G.S,US,1,146
Poom,FR,2,146
Fifty Fifty,KR,1,145
Fiji Blue,US,1,145
Ginger Root,US,3,145
Renan Luce,FR,2,145
Richy Sheehy,,1,145
Macklemore,US,4,144
Mireille Mathieu,FR,1,144
Sofiane,FR,1,144
Wham!,GB,1,144
La Rue Ketanou,FR,4,143
Patrick Hernandez,FR,1,143
Breaking Benjamin,GB,9,142
Jain,FR,2,142
Soulwax,BE,1,142
Mariya Takeuchi,JP,2,141
Sexy Pigeon,US,1,141
Sivuca & Bon Entendeur,FR,1,141
Dagny,NO,1,140
Imany,FR,1,140
Junko Ohashi,JP,4,140
Robbie Williams,GB,4,140
Various Artists,US,3,140
Soso maness,,1,139
Tseba,AU,1,139
Derek & The Dominos,GB,1,138
Doves,GB,1,138
Neil Young,CA,2,138
"Claude François, Frédérique",FR,1,137
SXCREDMANE,GB,1,137
The Monkees,US,2,137
Wink,JP,1,137
Dimitri from Paris,FR,1,136
She Said Disco,FR,1,136
Sia,AU,2,136
Declan McKenna,GB,1,135
Depeche Mode,GB,6,135
Sean Paul,GB,3,135
The King's Parade,GB,1,135
Bebe Rexha,US,1,134
Elton John,GB,2,134
Scorpions,DE,4,134
Siboy,,1,134
The Kinks,GB,4,134
Donna Summer,US,3,133
Imanbek & BYOR,KZ,1,133
Laurent Voulzy,FR,5,133
Kyo,FR,1,132
Quantic,US,2,132
Blues Trottoir,FR,1,131
Davioux,,1,131
Harry Nilsson,US,1,131
Joe Cocker,GB,2,131
Krystal Klear,IE,2,131
Metronomy,GB,3,131
Chuck Berry,US,2,130
Giulio Cercato,US,1,130
Gwen Stefani,US,5,130
La Caution,FR,1,130
Pass The 40,US,1,130
The Police,GB,7,130
Claude Nougaro,FR,2,129
Dada Life,SE,6,129
Hanson,US,1,129
NFC & Bon Entendeur,FR,1,129
BLC TV,FR,2,128
Charlie Puth,US,1,128
Peter Gabriel,GB,1,127
Rihanna,BB,6,127
The Archies,US,1,127
Tom Misch,GB,2,127
Waze & Odyssey,GB,1,127
Biggie,US,2,126
Hunter,FR,1,126
Jawny,US,2,126
September,SE,1,126
DIVA FAUNE,FR,1,125
Diana Ross,US,3,125
Dj Antoine & The Beat Shakers,CH,1,125
Onra,FR,2,125
RUdolph,US,3,125
Aerosmith,US,5,124
Bigflo & Oli & Julien Dorée,FR,1,124
Florent Pagny,FR,3,124
Gradur,FR,1,124
Grouplove,US,1,124
Lola Disco,BR,2,124
Nicky Romero,NL,2,124
Tessa Violet,US,1,124
Winnie the Pooh,US,1,124
Sam Gellaitry,US,3,123
Limahl,GB,1,122
Steve Winwood,GB,1,122
Taco!,NL,1,122
Lewis Capaldi,GB,1,121
Two Door Cinema Club,GB,2,120
Birdy Nam Nam,FR,2,119
Charles Trenet,FR,2,119
Full House,US,1,119
Home,US,1,119
John Mayer,US,3,119
Men Without Hats,CA,2,119
Yurie Kokubu,JP,1,119
Dj Snake,FR,3,118
Etienne de Crecy,FR,2,118
Jacques Dutron,FR,3,118
Veorra,US,1,118
Dusty Springfield,GB,3,117
Jason Derulo,US,2,117
Jean Leloup,CA,2,117
Never Dull,US,1,117
SebastiAn Ingrosso,SE,2,117
The Four Tops,US,2,117
Gotan Project,FR,2,116
Patterns,FR,1,116
Pretty Lights,US,1,116
Richard Wagner,DE,1,116
Soolking,DZ,1,116
Vanessa Paradis,FR,1,116
Wolfgang Gartner,US,3,116
Dusty Kid,IT,4,115
Michel Polnareff,FR,1,115
Omer Adam,,1,115
Shakedown,FR,1,115
The Avalanches,AU,1,115
Weird Al Yankovich,US,2,115
Blackguyrandy,JP,1,114
Sabrina Carpenter,US,2,114
Nightriders,FR,1,113
Shawn Mendes,CA,2,113
Vianney,FR,1,113
Phoenix,FR,3,112
Swum,IL,1,112
Crystal Atlantic,US,1,111
Gotye,AU,2,111
Jefferson Airplane,US,2,111
Riton,GB,2,111
Sarcastic Sounds,CA,1,111
Spencer hunt,US,1,111
Alphaville,DE,2,110
Childish Gambino,US,2,110
Pharrell Williams,US,3,110
White Town,GB,1,110
Danny Brilliant,FR,1,109
Gnarls Barkley,US,3,109
Hardwell,NL,4,109
The Chemical Brothers,GB,2,109
Al Stewart,GB,1,108
Angèle,FR,2,108
Backstreet Boys,US,3,108
Duke Dumont,GB,2,108
Peggy Gou,KR,1,108
The Baseballs,DE,1,108
The Magnetic Fields,US,1,108
Watsky,US,2,108
Adam K,CA,1,107
Edmofo,RU,1,107
Modjo,FR,2,107
Yann Dulché,,1,107
A1st,FR,1,106
Akon,US,2,106
Axwell,SE,3,106
Cherokee,FR,4,106
Mylene Farmer,FR,2,106
SebastiAn,FR,4,106
Skibblez & My NamE,CA,1,106
Young the Giant,US,1,106
Billie Eilish,US,2,105
I'm Surf,NO,1,105
Kartell,FR,4,105
Michel Legrand,FR,1,105
Watermät,FR,1,105
Band Aid,GB,1,104
Cascada,DE,3,104
Dalida y Alain Delon,FR,1,104
"Daft Punk, Julian Casablancas & The Voidz",FR,1,103
Jen(Artist),NL,1,103
Jishle,US,1,103
Kavinsky,FR,2,103
Naïka,FR,1,103
Styx,US,1,103
Terry Jacks,CA,1,103
The Prodigy,GB,2,103
Victoria Duffield,CA,1,103
Carl Carlton,US,1,102
Electric Guest,US,2,102
Johve,DK,1,102
Le Nonsense,IT,2,102
Ludacris,US,3,102
Madeon,FR,2,102
Steve Reich,US,1,102
The Killers,US,2,102
Topic & Bebe Rexha,US,1,102
Travis Scott,US,2,102
Vector Graphics,US,1,102
Breakbot,FR,4,101
Camellia,JP,2,101
Claptone,DE,1,101
Dreamboy 84,US,1,101
Elektronomia,SE,1,101
Huey Lewis & The News,US,3,101
Real California Milk,MX,1,101
Diam's,FR,7,100
Fantompower,US,1,100
KDD,FR,1,100
P!nk,US,2,100
Shaga,FR,1,100
Bob Marley,JM,6,99
Galantis,SE,1,99
Harry Styles,GB,4,99
Heizzah,FI,1,99
Hugh Atkin,AU,1,99
Kygo,NO,2,99
Mell-o,US,1,99
No Buses,JP,1,99
Soitchy,US,1,99
Soulitune,KR,2,99
Stevie Wonder,US,4,99
Tony Stocker,AU,1,99
Caravan Palace,FR,1,98
Liz Callaway,US,1,98
Martin Solveig,FR,3,98
Placebo,GB,5,98
Wulf Morpheus,US,1,98
Aden Foyer,NO,1,97
Chris Webby,US,4,97
Dolly Parton,US,1,97
Jordy Chandra,JP,1,97
Marie Laforet,FR,1,97
Miguel Bose,ES,1,97
Mommy,,1,97
Mos Def,US,2,97
Scatman John,US,1,97
Surf Mesa,US,1,97
ALTÉGO & Ely Oaks & LAVINIA,GB,1,96
Elvis Presley,US,4,96
Gil Scott Heron & Moullinex & Bon Entendeur,FR,1,96
DaJugglingFool,US,1,95
Hoogway,BE,1,95
Kosibeats,NL,1,95
The Alan Parsons Project,GB,1,95
"Claude François, G. Thibault, J. Revaux & Paul Anka",FR,3,94
No Doubt,US,2,94
Brillion,NL,1,93
Imagination,GB,2,93
Iro(Artist),GB,1,93
Nelly Furtado,US,6,93
ROSÉ & Bruno Mars,KR,1,93
Sash!,DE,1,93
Sinik,FR,4,93
Tabal(Artist),FR,1,93
Mr President,DE,1,92
Pas Sages,FR,1,92
Soul Bells & MACROSS 82-99,MX,1,92
Tipling Rock,US,2,92
Tiësto & Mabel,,1,92
Claire Laffut,FR,1,91
Damso,FR,2,91
Ehrling,SE,1,91
Indochine,FR,3,91
Luis Fonsi & Demi Lovato,US,1,91
The Contours,US,1,91
The Friends of Distinction,US,1,91
The Swiss,CH,1,91
Timbaland,US,5,91
Toonorth,US,1,91
Towkio,CA,1,91
Choices,FR,1,90
Jupiter,FR,1,90
Le Club,FR,1,90
Nanidato,JP,1,90
Put Put,US,1,90
The Kid Laroi & Justin Bieber,AU,1,90
Vaudeville Smash,AU,1,90
Creedence Clearwater Revival,US,2,89
Sonia Rosa & Night Tempo,KR,1,89
Sza,US,2,89
Tom Cochrane,CA,1,89
Darius,FR,3,88
Grand popo football club,FR,1,88
Jean-Louis Aubert,FR,2,88
Kaolin,FR,1,88
Ke$ha,US,4,88
Nicky Jam,CO,1,88
"Ozuna, RedOne  & Maitre Gims",,1,88
Psg,FR,1,88
Rod Stewart,GB,1,88
Social Justice - The musical,US,1,88
Vengaboys,NL,2,88
Animotion,US,1,87
Chris Brown,US,4,87
Eddy Mitchell,FR,2,87
Jean-Jacques Goldman,FR,3,87
Kid Cudi,US,3,87
Louise Attaque,FR,2,87
Paul Kalkbrenner,DE,1,87
Hellogoodbye,US,1,86
Infant Sorrow,GB,3,86
Jim Yosef,SE,1,86
Nayla & Bon Entendeur,FR,1,86
Rohff,FR,3,86
Soliterre,CA,1,86
SunStroke Project & Olia Tira,MD,1,86
The King Khan & BBQ Show,CA,1,86
Aaron Smith,FR,1,85
Armand Van Helden,US,1,85
Asaf Avidan,IL,1,85
Ceruleancerise,CA,1,85
D12,US,1,85
Daze,FR,1,85
Escort,US,1,85
Jay-Z,US,2,85
Katy Perry,US,4,85
Mabel,ES,1,85
Paul Simon,US,1,85
Rammstein,DE,2,85
Stan Getz & Joao Gilberto,BR,1,85
System of a Down,US,2,85
The Presets & Lifelike,FR,1,85
Todd Rundgren,US,1,85
Candid,CA,1,84
Dire Straits,GB,1,84
IdChief,US,1,84
Mickey 3D,FR,2,84
Psychemagik,GB,3,84
Deorro,US,1,83
Future Girlfriend,PY,1,83
Goldfish,ZA,1,83
Kendji Girac,FR,1,83
Molchat Doma,RU,1,83
Muse,GB,4,83
The Crusaders & Synapson,FR,1,83
The Doors,US,3,83
Tokio Hotel,DE,6,83
Tomoko Aran,JP,2,83
deadmau5,CA,2,83
Dalida,FR,1,82
George Michael,GB,1,82
Gilbert Montagne,FR,1,82
Klingande,FR,2,82
Lola Marsh,IL,1,82
Lorie,FR,3,82
Niall Horan & Anne-Marie,GB,1,82
Raki,DE,1,82
ZZ Top,US,1,82
Zoot Woman & Le Knight Club,FR,1,82
50 Cent,US,5,81
Alkalino & Bon Entendeur,FR,1,81
Digitalism,DE,2,81
Djeko & Torres,NL,1,81
Myles Smith,GB,2,81
Niagara,FR,1,81
Our Samplus & Bon Entendeur,FR,1,81
Raphael,FR,3,81
Texas,GB,2,81
Avril Lavigne,CA,3,80
Borgore,IL,4,80
Fool's Garden,GB,1,80
James Brown,US,2,80
Lou Rawls,US,1,80
Offenbach,FR,2,80
Yelle,FR,2,80
Ace of Base,SE,2,79
College,FR,1,79
Deadmau5,CA,4,79
Dwig,SI,1,79
Kaoma,FR,1,79
Technotronic,BE,1,79
The All-American Rejects,US,3,79
BTS,KR,1,78
Barry Manilow,US,1,78
Blink-182,US,1,78
Matt & Kim,US,2,78
Mirwais,FR,1,78
Nicki Minaj,US,3,78
Noir Desir,FR,2,78
Orishas,FR,1,78
Sonny & Cher,US,1,78
T.A.T.U,RU,1,78
Toybox,DK,1,78
A.Dd+,US,1,77
Alfie Templeman,GB,1,77
AnTgry,FR,1,77
Basshunter,SE,2,77
Gavinco,GB,1,77
Kany West & Lil Pump,US,1,77
Kygo & Selena Gomez,NO,1,77
"Myth Syzer (Ft. Bonnie Banane, Ichon & Muddy Monk)",FR,1,77
Public(Band),US,1,77
Skrillex,US,3,77
TSR Crew,FR,1,77
The Dinosaurs Skin,TW,1,77
The Jimi Hendrix Experience,US,1,77
Umberto Tozzi,IT,2,77
Aritus,US,2,76
Benjamin Diamond,FR,1,76
Bennett & Bruno Coulais,FR,1,76
Indila,FR,1,76
Snoop Dogg,FR,6,76
T-Pain,US,2,76
Ween,US,1,76
Arcade Fire,CA,1,75
Bob Dylan,US,3,75
Daniel Powter,CA,1,75
FUR,GB,1,75
Floating Points,GB,1,75
Glass Animals,GB,1,75
Radiohead,GB,1,75
Soklak,FR,3,75
Tommy Tutone,US,1,75
C2C,FR,3,74
Gael Faye,FR,1,74
La Femme,FR,1,74
Otis Redding,US,1,74
Richard Marx,US,2,74
The Supremes,US,1,74
The Telephone Hour,US,1,74
ATC,DE,1,73
Beach House,US,1,73
BradBroooks,US,1,73
Charlotte Cardin,CA,1,73
Dertay,FR,1,73
FKJ,FR,2,73
IAn Pooley & Daft Punk,FR,1,73
Kraftwerk,DE,2,73
Leon Haywood & Bon Entendeur,FR,1,73
Nicola Cruz,FR,1,73
Pascal Letoublon,FR,1,73
Santana,US,2,73
Simone,EG,1,73
The Calling,US,1,73
Vicetone,NL,1,73
Alizée,FR,2,72
Internet Affairs,JP,1,72
Oliver Heldens,NL,2,72
Pomplamoose & Daft Punk,FR,1,72
Billy Walker,US,1,71
Dynoro & Mike Demero,CA,1,71
Jim Carrey,CA,1,71
KT Tunstall,GB,2,71
LeAnn Rimes,US,1,71
Martin Garrix,NL,3,71
Saint Motel,US,1,71
Scissor Sisters,US,1,71
Sheryl Crow,US,3,71
Superfunk,FR,1,71
Supreme NTM,FR,2,71
The Pogues,IE,1,71
Bobby Bare,US,1,70
Fatal Bazooka,FR,4,70
Johnny Jane,FR,1,70
Maurice Chevalier,FR,2,70
Moodyman,US,2,70
Omega Tribe,JP,1,70
Peach Tree Rascals,US,1,70
Peter Bjorn,,1,70
The Piano Guys,US,1,70
Tones,,1,70
Vanity 6,CA,1,70
Bag Raiders,AU,1,69
Cee Lo Green,GB,3,69
Grover Washington Jr,US,1,69
John Grant,US,1,69
Juniore,FR,1,69
Louis Prima,US,2,69
Mike Posner,US,2,69
Naps,FR,1,69
The Animals,GB,1,69
Tracy Chapman,US,2,69
McFadden & Whitehead,US,1,68
OrelSan & Damso,FR,1,68
The Prince Karma,TR,1,68
The Rapture,US,2,68
The Velvet Underground,US,1,68
Thoma Cher & Bon Entendeur,FR,1,68
Unknown,US,3,68
Andy Grammer,US,2,67
Bonnie Tyler,GB,2,67
Cavi,UA,1,67
Jessie J,GB,1,67
Kim Petras,DE,2,67
Miel De Montagne,FR,1,67
Nytron & Sugar Hill,BR,1,67
Takako Mamiya,JP,1,67
The Miracles,US,1,67
24kGoldn,US,1,66
Bearson & Lemaitre,NO,1,66
Bob Sinclar,FR,3,66
Bruno Mars,US,3,66
Cali,FR,2,66
Cherie,FR,1,66
Chris Isaak,US,2,66
Gramatik,SI,3,66
Jack Johnson,US,3,66
Jonas Brothers,US,3,66
Junkie XL,NL,2,66
Knightlife,GB,1,66
Maitre Gims,FR,1,66
Max Berlin,FR,1,66
Olivia Ruiz,FR,3,66
Steely Dan,US,2,66
The Bloody Beetroots,IT,3,66
Wallpaper.,US,1,66
Zedd,RU,2,66
Alice Deejay,NL,1,65
Bobby Bloom,US,1,65
Boston,US,1,65
Charlie Faron,FR,1,65
Coke Royalty,US,1,65
Early Eyes,US,2,65
Gibson Brothers,FR,1,65
Late Night Tuff Guy & Bon Entendeur,FR,1,65
Max Frost,US,1,65
Melanie Martinez,US,1,65
Oxmo Puccino,FR,1,65
Rocketman,JP,1,65
Semisonic,US,1,65
Skibblez & DeeJMD,CA,1,65
Stealers Wheel,GB,1,65
Zai Kowen,AR,1,65
50 cent & Benny Bennassi,IT,1,64
Augie Rios,MX,1,64
Bella Poarch,US,1,64
Boy Meets Girl,US,1,64
Capital Cities,US,1,64
Daniel Guichard,FR,1,64
Dave Loggins,US,1,64
Krewella,US,1,64
LEEX & Mattafix,DE,1,64
Lil Wayne,US,4,64
Mase,US,1,64
Plastic Bertrand,CA,1,64
R.E.M.,US,2,64
Sergio Mendes,BR,3,64
Sharon Brown,US,1,64
Squeeze,GB,1,64
Static,,1,64
The Chords,US,1,64
The F16s,IN,1,64
The Whitest Boy Alive & Fred Falke,FR,1,64
Village People,US,2,64
Aminé,US,1,63
De Soffer & Les Bisous,FR,1,63
Enrique Iglesias,ES,3,63
Freeze Corleone 667,FR,1,63
Giorgio Moroder,IT,1,63
Junior Senior,DK,2,63
Laura Branigan,US,2,63
Marlena Shaw,US,1,63
Mister Gavin,US,1,63
Roy Ayers Ubiquity,US,1,63
Starsailor,GB,2,63
The Who,GB,3,63
Toploader,GB,1,63
Zager & Evans,US,1,63
BØRNS,US,2,62
Counting Crows,US,2,62
Danger,FR,1,62
Début de Soiree,FR,1,62
Justin Timberlake,US,4,62
Major Lazer,US,2,62
Steve Aoki,US,2,62
Suzanne Vega,US,1,62
Voyage (band),FR,1,62
Yeek,US,1,62
Afrojack,NL,2,61
Chance The Rapper,US,2,61
Clio,FR,1,61
HNNY,SE,1,61
Honne & Tom Misch,GB,1,61
Images,FR,1,61
Jordan Clarke,GB,1,61
Les Rita Mitsouko,FR,2,61
Marc Lavoine,FR,2,61
Parade of Lights,US,1,61
Sable,UA,1,61
Surfaces,US,1,61
Tobtok,SE,1,61
Desire,FR,1,60
Florence & The Machine,GB,1,60
Hovey Benjamin,US,1,60
Keane,GB,3,60
Mumford & Sons,GB,1,60
Noir Désir,FR,1,60
"Tyler, The Creator",US,2,60
Action Bronson,US,1,59
Carla Bruni,FR,2,59
Christophe Maé,FR,2,59
Duke Ellington,US,1,59
James,GB,1,59
Korn,US,2,59
Luis Fonsi,PR,1,59
Luna Blue,GB,1,59
Makoto Matsushita,JP,1,59
Nina Sky,US,1,59
OMC,GB,1,59
Sidney Bechet,US,1,59
T.I,,1,59
Terence Trent D'Arby,US,1,59
Vance Joy,AU,1,59
AronChupa,SE,1,58
Babe & Night Tempo,KR,1,58
De Palmas,FR,1,58
Discobitch,FR,1,58
Ed Sheeran,US,3,58
Flamingosis,US,1,58
Jill Scott,US,1,58
Las Ketchup,ES,1,58
Miami Horror,AU,1,58
Michael Franti & Spearhead,US,1,58
Mr Probz,DE,1,58
Peter Cetera,US,1,58
The Corrs,GB,1,58
The Whispers,US,2,58
Akina Nakamori,JP,1,57
Busted,GB,2,57
Cannons,US,1,57
Dominic Pierce,FR,1,57
Five for Fighting,US,3,57
Georgie Fame & the Blue Flames,GB,1,57
Joy Crookes,GB,1,57
Kaaris & Kalash Criminel,FR,1,57
Mystery Skulls,US,1,57
Naturi Naughton,US,1,57
RITCHRD,US,1,57
Sky Bachi,US,1,57
The Drives,US,1,57
The Tokens,US,1,57
Cartoon Network,US,2,56
Damn Arms,AU,1,56
Less than Jake,US,1,56
Nelly,US,1,56
Sam Cooke,US,1,56
Squid Game,KR,1,56
The Black Eyed Peas,US,5,56
The Monroes,US,1,56
The Republic Tigers,US,2,56
The Trammps,US,1,56
Blue Swede,SE,1,55
Crazy Girl & Memphis,FR,1,55
Gaullin,LT,1,55
Janet Jackson,US,1,55
Julio Iglesias,ES,1,55
Men at Work,AU,2,55
Mickael Miro,FR,1,55
Polo & Pan et Metronomy,FR,1,55
Sam Smith,GB,2,55
The Cardigans,SE,1,55
Baby Queen,ZA,1,54
Bananarama,GB,2,54
Brice De Nice,FR,1,54
Carte Blanq & Maxx Power,,1,54
Christophe,FR,1,54
Hojean,US,1,54
Jungle,GB,1,54
Junior,GB,1,54
Luke & Jimmy,US,1,54
Melanie Fiona,CA,1,54
Pierre Henry,FR,1,54
Ratatat,GB,2,54
Red Axes,IL,1,54
Robson Jorge & Lincoln Olivetti,BR,1,54
Walk the Moon,US,1,54
Willie Nelson,US,1,54
Almost Monday,US,1,53
B.o.B,US,2,53
BBC Music,GB,1,53
Eddie Murphy,US,1,53
Jennifer Lopez,US,2,53
Jim Croce,US,1,53
Makano,PA,1,53
Neil Diamond,US,1,53
Tanuki,JP,1,53
The Detroit Experiment,US,1,53
Toecutter & Flight Facilities,AU,1,53
Austenyo,US,1,52
Azealia Banks,US,1,52
Eddy Grant,GB,1,52
Henri Dès,FR,2,52
Lily Allen,GB,2,52
Mike Newman,HU,1,52
Sinsémilia,FR,1,52
Talking Heads,US,2,52
Temporex,US,1,52
V.H.,FR,1,52
Aretha Franklin,US,1,51
Colbie Caillat,US,1,51
Cookie Dingler,FR,1,51
East Germany,DE,1,51
Goomar & GrandHuit,FR,1,51
Kid Smoko,US,1,51
Kids in America,US,1,51
M83,FR,2,51
Madison Avenue,AU,1,51
Nocti,FR,1,51
Sure Sure,US,1,51
Taba Chake,IN,1,51
Telephone,FR,2,51
Tez Cadey,FR,1,51
Axel Bauer,FR,2,50
Baby Bash,US,1,50
Beyoncé,US,2,50
Bloody Beetroots,IT,1,50
Eddy de Pretto,FR,1,50
Elvis Crespo,US,1,50
Flo Rida,US,3,50
Homi & Jarvis,GB,1,50
Mike Stud,US,1,50
Miossec,FR,1,50
Noel Harrison,GB,1,50
Olav Swarowsky,RU,1,50
Ourvais,FR,1,50
Peter Schilling,DE,1,50
Rae Sremmurd,US,3,50
Solomun,DE,2,50
Stevie Nicks,US,1,50
Taeko Ohnuki,JP,1,50
Tennis,US,1,50
Vitas,RU,1,50
America,US,1,49
Bay City Rollers,GB,1,49
Desiigner,US,1,49
Emma Peters,FR,1,49
Iggy Pop,US,1,49
James Brown Spiderman 3,US,1,49
Jamiroquai,GB,2,49
Lovejoy,GB,1,49
OrelSan & Angele,FR,1,49
Sabrina,IT,1,49
The Griswolds,AU,1,49
Urge Overkill,US,1,49
Van McCoy,US,1,49
Wax Tailor,FR,2,49
Action Branson,US,1,48
Christian Gaubert,FR,1,48
"Daft Punk, Pharrell Williams & Nile Rodgers",FR,2,48
Europe,SE,1,48
Lykke Li,BE,1,48
Marshmello & Khalid,US,1,48
Mike Oldfield,GB,1,48
ParttyNextDoor,CA,1,48
Snap!,DE,1,48
Soft Palace,JP,1,48
Sticky Fingers,AU,1,48
The Booyah! Kids,US,1,48
The Virgins,GB,1,48
Black (Artist),GB,1,47
Blues Brothers,US,1,47
David Gates,US,1,47
Diplo,US,3,47
Gin Blossoms,US,1,47
Indeep,FR,1,47
Ivan (Singer),ES,1,47
J.I.D,US,1,47
Jazz Trio Loop,MX,1,47
Jenifer,FR,1,47
Junko Yagami,JP,1,47
Marc Anthony,US,1,47
Moonlight,NL,1,47
Nick Jonas,US,1,47
Alexandra Stan,RO,1,46
Bad Bunny & Jhay Cortez,US,1,46
Beethoven,DE,5,46
Billy Idol,GB,1,46
Chappell Roan,US,2,46
Gérald de Palmas,FR,1,46
Lamborghini,FR,1,46
Manau,FR,1,46
Modek,US,1,46
Mozart,AT,4,46
Nice Peter,US,5,46
Paul Hardcastle,GB,1,46
Paul McCartney & Tatsuro Yamashita,JP,1,46
Ray Charles,US,2,46
"Rema, Selena Gomez",NG,1,46
Rob Thomas,GB,3,46
Roch Voisine,CA,2,46
Rodrigo Amarante,BR,2,46
Shelly,US,1,46
Takeuchi Mariya & Night Tempo,JP,1,46
The Garifuna Collective & Synapson,FR,1,46
The Human League,GB,1,46
The Vapors,GB,1,46
They Might Be Giants,US,1,46
Usher,US,1,46
Xinobi,ES,1,46
Avenged Sevenfold,US,2,45
Belle Epoque,FR,1,45
Bleu Toucan,FR,1,45
Chamillionaire,US,3,45
Charli XCX,GB,1,45
Etta James,US,1,45
Foster the people,US,2,45
Grégoire,FR,2,45
Jordin Sparks & Chris Brown,US,1,45
Lil Nas X,US,1,45
Mamas,,1,45
Ok Go,US,1,45
Rhett,,2,45
Sam Feldt,NL,1,45
Starship,US,1,45
The Dead Kennedys,US,1,45
Walter Murphy & Flight Facilities,AU,1,45
94Proof,US,1,44
ADAMSKI,GB,1,44
Camila Cabello,US,1,44
Chloe Lilac,US,1,44
DNCE,US,1,44
Edwyn Collins,GB,1,44
Fritz Kalkbrenner,DE,1,44
Immortal Technique,US,2,44
Kajagoogoo,GB,1,44
MAGIC,CA,1,44
Mike Candys,CH,1,44
Paris By Air,US,1,44
Sofi Tukker,US,1,44
The Association,US,1,44
Wilson Pickett,US,1,44
Bill Withers,US,2,43
Cheb Mami & Sting,FR,1,43
DJ Khaled,US,1,43
Dr. Dre,US,2,43
Fleur East,GB,1,43
Hocus Pocus,FR,1,43
Jennifer Paige,US,1,43
Joel Corry,,1,43
John Frusciante,US,3,43
Lilly Wood,FR,1,43
Metallica,US,4,43
Orchestral Manoeuvres In the Dark,GB,1,43
Pop Up!,BR,1,43
Raphaël,FR,1,43
Sub Focus,US,1,43
Super Audio Time,US,1,43
Sylvester,US,1,43
The Feeling,GB,1,43
The Kid Laroi & Miley Cyrus,US,1,43
Zeeky Beats,GB,1,43
Bambee,NO,1,42
"Big Ali, Bob Sinclar & Dollar Man",FR,1,42
Big Baby D.R.A.M,US,1,42
Bingo Players,NL,2,42
Boris Vian,FR,2,42
Donny Electric,US,1,42
Erika,IT,1,42
Joyce Jonathan,FR,1,42
Kaytranada,CA,1,42
Keren Ann,FR,1,42
Led Zeppelin,GB,3,42
Lee(artist),NL,1,42
Miley Cyrus,US,1,42
Mondotek,DE,1,42
Nickelback,CA,1,42
Ozzy Osbourne,GB,1,42
Radio Killer,RO,1,42
Shelco Garcia,,1,42
The Weather Girls,US,1,42
Yves (artist),KR,1,42
Al Corley,US,1,41
BadBadNotGood,CA,1,41
Cazzette,SE,1,41
Chris Manias & Daft Punk,FR,1,41
Divinyls,AU,1,41
Evergreen,FR,1,41
Fred Falke & Shotgun Tom Kelly,FR,1,41
Ice Cube,US,2,41
JAY Z,US,2,41
Keedz,FR,1,41
Leonard Cohen,CA,1,41
Lukrembo,KR,1,41
Lupe Fiasco,US,1,41
Luxxury,US,1,41
Mr Oizo,FR,2,41
RL Grime & What So Not,US,1,41
Rebounder,US,1,41
The Coasters,US,1,41
The Trashmen,US,1,41
W&W,NL,1,41
Whitney Wolanin,US,1,41
Zazie,FR,2,41
Aya Nakamura,FR,1,40
Bloodhound Gang,US,1,40
Collegehumor,US,2,40
Cypress Hill,US,2,40
European,RU,2,40
HBK GANG,US,1,40
Harry Chapin,US,1,40
Jimmy Buffett,US,1,40
Josh Money,US,1,40
JuL,FR,1,40
Knife Party,AU,3,40
Maxime Le Forestier,FR,1,40
Michael Gray,GB,1,40
PH Electro,DE,1,40
Saint Privat,FR,1,40
Siedah Garrett,US,1,40
Stephen Sanchez & Em Beihold,US,1,40
Aphex Twin,GB,1,39
Barenaked Ladies,CA,1,39
Channel Tres,US,1,39
Dynamique,BE,1,39
Gary Glitter,GB,1,39
George McCrae,US,1,39
Isabelle,BE,1,39
Josiane,CA,1,39
Mami Ayukawa,JP,1,39
Monamie,US,1,39
Moullinex,FR,1,39
Natalie Imbruglia,AU,1,39
Neosignal,DE,1,39
Sixpence None the Richer,US,1,39
TUPPERWAVE,AU,1,39
Tal Bachman,CA,1,39
The Cranberries,IE,2,39
Wallows,US,3,39
a-ha,NO,1,39
Alexander Rybak,BY,1,38
Beck,US,1,38
Bonga & Synapson,FR,1,38
Donavans,FR,1,38
Edith Piaf,FR,3,38
Ellie Semoun,FR,1,38
"Faul, Wad Ad, Pnau",FR,1,38
Gala,IT,1,38
Jack Garratt,GB,1,38
Lionel Hampton,US,1,38
Napkey & Bon Entendeur,FR,1,38
One T  Cool T,,1,38
Rockwell,US,1,38
Shania Twain,CA,2,38
Souls of Mischief,US,1,38
Touchstone,JP,1,38
Yannick,FR,1,38
Allure,FR,1,37
Anyma & Chris Avantgarde & Massano,DE,1,37
Aterciopelados,CO,1,37
Barry Blue,GB,1,37
David Tavaré,ES,1,37
Degiheugi,FR,1,37
Donavan,US,2,37
Durante,US,1,37
Elli Ingraham,GB,1,37
Hadyn,AU,3,37
Her's,GB,1,37
Hoobastank,US,1,37
Iden Kai,MX,1,37
JackLNDN,GB,1,37
Justin Bieber,CA,1,37
Koba LaD,FR,1,37
Marilyn Manson,US,2,37
Muriel Dacq,FR,1,37
O-Zone,MD,1,37
O.A.R.,US,1,37
Pedro Santos,BR,1,37
René La Taupe,FR,1,37
Sexion d'Assaut,FR,2,37
Sophie Ellis Bextor,GB,1,37
Van Morrison,GB,1,37
Amersy,NL,1,36
Bada-Bing,GB,1,36
Buggles,GB,1,36
Cher Lloyd,GB,1,36
Culture Club,GB,1,36
Fitz,US,2,36
France Football Anthem,FR,1,36
James Taylor,US,1,36
Jennie (from BlackPink),KR,1,36
Kiss,US,1,36
Miranda Cosgrove,US,1,36
Opus,AT,1,36
The Champs,US,1,36
The Isley Brothers,US,1,36
Yakosei Amuse,JP,1,36
classic.files,MX,1,36
Amel Bent,FR,1,35
Blue Rain Boots,US,1,35
DIMMI,FR,1,35
David Guetta featuring JD Davis,FR,2,35
Fedde Le Grand,NL,1,35
Howie Day,US,1,35
La Plage,FR,1,35
Labi Siffre,GB,1,35
MaM,FR,2,35
Panic City,US,1,35
Point Blank,CA,1,35
STRFKR,US,2,35
Sinead O Connor,IE,1,35
The Bornagen Beatles,GB,2,35
Theo Rouhette,FR,2,35
Tube & Berger,DE,1,35
Wang Chung,GB,1,35
Alesso,SE,1,34
BeatFreakz,NL,1,34
BeatauCue,FR,1,34
Bibi Flash,FR,1,34
Cut Copy,AU,1,34
DJ Sammy & Yanou featuring Do,ES,1,34
Flatsound,US,1,34
Guns N' Roses,US,2,34
Harold Faltermeyer,US,1,34
Julieta Venegas,ES,1,34
Pierre Perret,FR,1,34
Richard Harris,IE,1,34
S.I.R Please,US,1,34
SAINt JHN & Imanbek,KZ,1,34
Teletoon,CA,1,34
The Fugees,,1,34
Daddy DJ,FR,1,33
Dobie Gray,US,1,33
Drake Bell,US,2,33
Faudel,FR,1,33
Jean Tonique,FR,1,33
Juanes,ES,1,33
Kangoo (Serie TV),FR,1,33
Kenkfraft 400,DE,1,33
Kero One,US,1,33
Lenny Kravitz,US,2,33
Naaz,NL,1,33
Nelward,US,1,33
Neon Trees,US,1,33
Randy Newman,US,1,33
Rob Zombie,US,1,33
Seinabo Sey,NO,1,33
The Fielders,,1,33
AlunaGeorge,GB,1,32
Cass Elliot,US,1,32
Children of Zeal,US,1,32
Darude,FI,2,32
Diana Panton,FR,1,32
Electronic,GB,1,32
Ghost Beach,US,1,32
I-Cube,FR,1,32
LMFAO,US,3,32
Mylo,GB,1,32
Natalie Cardone,FR,1,32
Panic At the Disco,US,1,32
Romeo et Juliette,FR,1,32
SS501,KR,1,32
Stacey Kent,FR,1,32
Stereoclip,BE,2,32
Suken,FR,1,32
Sylvie Vartan,FR,1,32
The Ronettes,US,1,32
The Turtles,US,1,32
Trevor Daniel,US,1,32
Victor Deme & Synapson,FR,1,32
yuugen & Brayan Rojitas,CO,1,32
ACDC,AU,1,31
Coralie Clément,FR,1,31
Dschinghis Khan,DE,1,31
Elijah Blake,US,1,31
Else,FR,1,31
Fede Klotz,AR,1,31
Gracie Abrams,US,1,31
Jacques Cardona,FR,1,31
Johnny Stimson,US,1,31
Josh Fudge,US,1,31
Jovelli,BR,1,31
Kelly Clarkson,US,1,31
Laurent Wolf,FR,3,31
Louis La Roche,GB,2,31
Mel Brooks,US,2,31
Peter Paul,,1,31
Polo G,US,1,31
Portugal The Man,US,1,31
SBTRKT,GB,1,31
Sean Kingston,US,2,31
Sombr,US,1,31
Stereo MC's,GB,1,31
Tiron,US,1,31
Wisin & Yandel,US,1,31
Bobby Caldwell,US,1,30
Branbal & Home,US,1,30
Eels,US,1,30
Estelle,GB,1,30
"GEE LEE, Riton",,1,30
Helmut Fritz,FR,2,30
Jim Brickman,US,1,30
Jose Feliciano,US,1,30
K-Maro,FR,1,30
Keen V,FR,1,30
Los Adolescantes,VE,1,30
Midnight Juggernauts,AU,1,30
Oasis,US,1,30
Piper,JP,1,30
Star Boys,FR,1,30
Teddybears,SE,1,30
The Beach Boys,US,1,30
A$AP Rocky,FR,1,29
Chemical Brothers & Daft Punk,FR,1,29
Dean Martin,US,2,29
Devendra Banhart,US,1,29
Era,FR,2,29
Gym Class Heroes featuring Patrick Stump,US,2,29
He-Man,US,1,29
Inna Modja,FR,1,29
KONGOS,ZA,1,29
Klangkarussell,AT,1,29
M(Chanteur),FR,1,29
MEM,FR,1,29
Meric Again & 22 Angels,DZ,1,29
St Lucia,ZA,1,29
Stardust,FR,1,29
Takuya Kuroda,JP,1,29
Ten Walls,LT,2,29
The Game,US,1,29
The Proclaimers,GB,1,29
The Rubettes,GB,1,29
The Zombies,GB,1,29
Ultra Naté,US,1,29
VITAA,FR,1,29
Worakis,FR,1,29
Wynter Gordon,US,1,29
Anita Ward,US,1,28
Arnaud Fleurent-Didier,FR,1,28
Busta Rhymes,US,1,28
Dion,US,1,28
Eiffel 65,IT,1,28
Fetty Wap,US,2,28
Guru Josh Project,GB,1,28
Hampton The Hamster,CA,1,28
Jaden Chase,CA,1,28
Juliet Fox,AU,1,28
Les Trois Accords,CA,1,28
Memorex Memories,GB,2,28
Mr. C,US,1,28
Peter Cincotti,US,1,28
Rascal Flats,US,1,28
Saweetie,US,1,28
Schnuffel,DE,1,28
Shaboozey,US,1,28
Sonya Spence,JM,1,28
Steppenwolf,CA,1,28
Trails,,1,28
4t thieves,GB,1,27
Ambassador,US,1,27
BJ Thomas,US,1,27
Bronski Beat,GB,1,27
Bullet for My Valentine,GB,3,27
Coldplay/Rogue,GB,1,27
DJ Earthworm,US,2,27
David Lee Roth,US,1,27
Eurythmics,GB,1,27
Fakear,FR,1,27
Gigi D'Agostino,IT,1,27
Icona Pop,SE,1,27
Jacques Chirac,FR,1,27
Jewelz,DE,1,27
Madness,GB,1,27
Marvin Gaye,NO,2,27
Metro Boomin,US,1,27
Nuane (feat. Aritus),GB,1,27
Pharrell,US,2,27
Ringo Starr,GB,1,27
Shanna,FR,1,27
Sweetpower,BR,1,27
The Blaze,FR,1,27
The Notorious B.I.G.,US,3,27
the Fratellis,GB,1,27
AC/dB,AU,2,26
Amerie,FR,1,26
Beverlay,CA,1,26
Brockbeats,JP,1,26
Chromatics,US,1,26
"Earth, Wind & Fire",US,1,26
Filous & Clementine,FR,1,26
Franz Ferdinand & Daft Punk,FR,1,26
G-Eazy,,1,26
Goo Goo Dolls,US,1,26
Housecall,US,1,26
"I, Monster",GB,1,26
Isley Brothers,US,1,26
Kate Ryan,BE,1,26
Mungo Jerry,GB,1,26
Nassau,IT,1,26
Nickelodeon,US,1,26
Paul McCartney & The Wings,GB,1,26
Skule Toyama,MX,1,26
Steve Miller Band,US,1,26
The Outfield,GB,1,26
The Tee Set,NL,1,26
Voyage,BE,2,26
American Dad Cast,US,1,25
Bon Jovi,US,1,25
Camille,FR,1,25
Disiz,FR,1,25
Dj Dark & MD Dj,RO,1,25
Eliza Rose,GB,1,25
Gucci Mane,US,1,25
Heart,US,1,25
Hits Variété Pop,FR,1,25
Jean-Luc Lahaye,FR,1,25
Lil Tay,CA,1,25
M.Pokora,FR,1,25
Mc Solaar,FR,1,25
Minnie Riperton,US,1,25
Nena,DE,1,25
Pleasurekraft,SE,1,25
Ricchi e poveri - testo,IT,1,25
Richard Sanderson,GB,1,25
Roger Sanchez,US,1,25
Suzy Q,US,1,25
The Delfonics,US,1,25
The Pussycat Dolls,US,2,25
Tim Dup,FR,1,25
Yannick Noah,FR,1,25
Young Jeezy,US,1,25
憂鬱,JP,2,25
80s,US,1,24
Bastille,GB,1,24
Bob sinclar & Rafaella Carra,FR,1,24
Bryan Adams,CA,1,24
Cardigans,SE,1,24
Danzel,BE,1,24
Death From Above 1979,CA,1,24
Die Atzen,DE,1,24
Falco,AT,1,24
Garden City Movement  Lola Marsh,,1,24
Günther,DE,1,24
Hootie & The Blowfish,US,1,24
Hotel Pools,US,2,24
Loane,FR,1,24
Lou Bega,DE,1,24
M (Music Artist),GB,1,24
Mark Morrison,GB,1,24
Migos,US,1,24
Nick Lowe,GB,1,24
Parvati Khan,IN,1,24
Regrets,FR,1,24
Robin Thicke,CA,1,24
Spargo,NL,1,24
Tensnake & Purple Disco Machine,DE,1,24
Tiga,CA,1,24
WKND,DE,1,24
Weightlessness,US,1,24
Years & Years & Gryffin,GB,1,24
lobsterdust,US,1,24
Asa,FR,1,23
Aurora,NO,1,23
Axelle Red & Renaud,FR,1,23
Beau-J & Furia,US,1,23
Cherub,US,1,23
Chris Norman & Suzi Quatro,GB,1,23
Cut Killer,FR,1,23
Cyndi Lauper,US,2,23
DB Boulevard,IT,1,23
Dickie Goodman,US,1,23
Eddie Vedder,US,1,23
Fred again..,GB,1,23
Hoku,US,1,23
Iron Maiden,GB,1,23
Ludovico Einaudi,GB,1,23
M. Pokora,FR,1,23
Mr Flash,FR,1,23
Odetta,US,1,23
Seb,US,1,23
Snow Patrol,GB,1,23
Tacabro,IT,1,23
The Doozers,US,1,23
Antoine Mahe,FR,1,22
BB Brunes,FR,1,22
Christophe Willem,FR,1,22
Creed,US,1,22
Destiny's Child,US,1,22
Dido,GB,2,22
Francci,BR,1,22
Joan Jett & The Blackhearts,US,1,22
Jon Lajoie,CA,1,22
Kat Deluna,US,1,22
Kevin Gates,US,1,22
Kevin Rudolf & Lil Wayne,US,1,22
Lene Marlin,NO,1,22
Matt Houston,US,1,22
Nancy Sinatra,US,2,22
Nicky Youre & Dazy,US,1,22
Plain White T's,US,1,22
Public Enemy,US,1,22
Sam,,1,22
Showtek,NL,1,22
Taio Cruz,GB,1,22
The Script,IE,1,22
The Yardbirds,GB,1,22
Tommy McCook,JM,1,22
After The Fire,GB,1,21
Alpharock,NL,1,21
Aqua,DK,1,21
Ashlee Simpson,US,1,21
BBMak,GB,1,21
Bill Haley,US,1,21
Blackpink,KR,1,21
Chic (Band),US,2,21
Darude/Ville Virtanen,SE,1,21
Dresage &  Slow Shiver,,1,21
Dwntwn,US,1,21
Feirtag,NL,1,21
Fun (Band),US,1,21
Gavin Rossdale,GB,1,21
George Benson,US,1,21
Gorgon City,GB,1,21
Hot Chelle Rae,US,1,21
I Monster,GB,1,21
Jet,AU,1,21
John Travolta,US,1,21
Kaoru Akimoto & Night Tempo,KR,1,21
Max Manie,AU,1,21
Orson,US,1,21
Parliament,US,1,21
Paula Abdul,US,1,21
Rap Beats,US,1,21
Ruper Holmes,GB,1,21
Tarik NuClothes,US,1,21
Team America,US,2,21
The B-52s,US,1,21
The Chordettes,US,1,21
The Devils Sway,FR,1,21
Tyla (Artist),ZA,1,21
Zazie et Axel Bauer,FR,1,21
Amine Edge & Dance,FR,1,20
Austin Millz,US,1,20
Devin & Solange & Foxxy Cleopatra,CA,1,20
Djo,US,1,20
Elli et Jacno,FR,1,20
Fugees,US,1,20
Good Charlotte,US,1,20
Huntrix,KR,1,20
K Camp,,1,20
Laurie destal,FR,1,20
Lesley Gore,US,1,20
"Lipps, Inc.",US,1,20
Loleatta Holloway,US,1,20
Mark Ronson,US,1,20
Mickey Avalon,US,1,20
Molecule,FR,1,20
Red Hot Chili Peppers,US,2,20
RÜFÜS DU SOL,AU,1,20
Sara Bareilles,US,1,20
Sleepy Souls,US,1,20
The Grouch,US,1,20
UB40,GB,1,20
Yves Duteil,FR,1,20
Zimmer90,DE,1,20
90sFlav,US,1,19
ACRAZE,US,1,19
ADELE,GB,1,19
Afroman,US,1,19
Astro,CL,1,19
Crazy Frog,SE,1,19
Crystal Castles,CA,2,19
Doobie Brothers,US,1,19
First Choice,US,1,19
French Ball,FR,1,19
Frivolous,CA,1,19
Gym Class Heroes,US,1,19
Léo Ferré,FR,1,19
Roger Miller,US,1,19
Roy Orbison,US,1,19
Scott McKensie,US,1,19
Shocking Blue,NL,1,19
Soft Cell,GB,1,19
Talk Talk,GB,1,19
The Fray,US,1,19
Trinidad Cardona DaVido Aisha,NG,1,19
Vanessa Carlton,US,1,19
Wax,US,1,19
Baccara,ES,1,18
Bread & Butter,JP,1,18
Cirque du Soleil,CA,1,18
Cobra Starship,US,1,18
Cro,DE,1,18
Delegation,GB,1,18
Desireless,FR,1,18
Duran Duran,GB,1,18
Father,US,1,18
Global Communication,GB,1,18
Grant Smilie,,1,18
Hozier,IE,1,18
Hugues Aufray,FR,1,18
Joywave,US,1,18
KAMINI,FR,1,18
Les Ultras-Boys,FR,1,18
Mac Tyer,FR,2,18
Melanie,US,1,18
One Direction,GB,1,18
Pinkpantheress,GB,1,18
Scarface,US,1,18
Sugar Hill,FR,1,18
The Click Five,US,1,18
The Heavy,GB,1,18
The Kaleidoscopes & The Nightswimmers,GB,1,18
Ton Song,CN,1,18
Tong Song,CN,1,18
Tourism,AU,1,18
Tujamo,DE,1,18
Tyga,US,2,18
Yacht,FR,1,18
Yeah Yeah Yeahs,CA,1,18
4 Non Blondes,US,1,17
Bonobo,GB,1,17
Boom Box,PT,1,17
CBMN,FR,1,17
Cesaria Evora,SR,1,17
Chumbawamba,GB,1,17
Claire Rosinkranz,US,1,17
DJ BOBO,CH,1,17
DJ Fresh,US,1,17
Das Tapes,US,1,17
Eartha Kitt,US,1,17
Edward Maya & Vika Jigulina,RO,1,17
Enur,DK,1,17
Eric Cartman,US,1,17
Guizmo,FR,1,17
Jason Derülo,US,1,17
Kasso,IT,1,17
Louis Armstrong,US,1,17
MIdnight Runners,GB,1,17
Miike Snow,SE,1,17
Milky Chance,DE,1,17
Momoko Kikuchi,JP,1,17
Revenge,US,1,17
Serge Reggiani,FR,1,17
Stereo MCs,GB,1,17
The Bug,GB,1,17
The Clash,GB,1,17
The Outcast Owl & Home,US,1,17
Tube,JP,1,17
X Ambassadors,US,1,17
30 Seconds To Mars,US,1,16
Barney Stinson,US,1,16
Berlioz,ZA,1,16
Chet Faker,AU,1,16
Cilla Black,GB,1,16
Daniele Vitale Sax,IT,1,16
Eagle-Eye Cherry,SE,1,16
East Coast,US,1,16
Far East Movement,US,1,16
Forhill,US,1,16
Gemini Drive,GB,1,16
Gloria Gaynor,US,1,16
INXS,AU,1,16
Interview,FR,1,16
Jack Beats,GB,1,16
John Newman,GB,1,16
KRS-One,US,1,16
Lawrence,IT,1,16
M Ward,US,1,16
Michel Berger,FR,1,16
Ram Jam,US,1,16
Riize,KR,1,16
Saja Boys,KR,1,16
Say When,US,1,16
Shoestring,US,1,16
Spin Doctors,US,1,16
The Revivalists,US,1,16
The Sweet,GB,1,16
Tom Jones,US,1,16
Yolanda Be Cool & DCUP,AU,1,16
Aaron Carter,US,1,15
AfX,GB,1,15
Animal Kingdom,GB,1,15
Asia,GB,1,15
Boys Town Gang,US,1,15
CTID,NO,1,15
Connie Francis,US,1,15
DVBBS & Borgeous,CA,1,15
Del Amitri,GB,1,15
Dillon Francis & DJ Snake,FR,1,15
Donovan,US,1,15
Ellie Goulding,GB,1,15
Finger,,1,15
Ghost,SE,1,15
Haddaway,DE,1,15
Hensonn,US,1,15
Howard Jones,GB,1,15
Kamini,FR,1,15
La Bouche,DE,1,15
LuigiDonatello & Home,US,1,15
Michael Sembello,US,1,15
Naxxos,FR,1,15
Nirvana,US,2,15
Party Harders & The Subs,BE,1,15
Patrice Rushen,US,1,15
Paul Anka,CA,1,15
Princess Chelsea,NZ,1,15
Sick On the Bus,GB,1,15
Sniper,FR,1,15
Sophie B. Hawkins,US,1,15
Starsound Orchestra,SE,1,15
The Bangles,US,1,15
The Jacksons,US,1,15
The Verve Pipe,US,1,15
The Wanted,GB,1,15
Third Eye Blind,US,1,15
Toro y Moi,US,1,15
Trey Songz,US,1,15
Twisted Sister,US,1,15
Ylvis,NO,1,15
Brodinsky,FR,1,14
Chinese Man,FR,1,14
Coolio featuring L.V.,US,1,14
Corey Hart,CA,1,14
Dubba Jonny,US,1,14
Gary Jules,US,1,14
George Clinton Jr,US,1,14
Jay Z,US,1,14
Jean Schultheis,FR,1,14
Joan Jett,US,1,14
Joe Blow,US,1,14
Los Del Rio,ES,1,14
Micky Green,AU,1,14
Ming Tea,CA,1,14
My Chemical Romance,US,1,14
Pink Martini,US,1,14
"PinkPantheress, Ice Spice",GB,1,14
Rone,FR,1,14
Sound System,US,1,14
Swing Out Sister,GB,1,14
The Neighbourhood,US,1,14
Twenty One Pilots,US,1,14
AC/DC,AU,1,13
Awolnation,US,1,13
Buddy Holly,US,1,13
Castlecomer,AU,1,13
"Christina Aguilera, Lil'Kim, Mya & P!nk",US,1,13
Doechii,US,1,13
Friendly Fires,GB,1,13
George Ezra,GB,1,13
George Harrison,GB,1,13
Hagalaz Runedance,DE,1,13
Hilary Duff,US,1,13
Inna,RO,1,13
Japanese Breakfast,US,1,13
Kid Rock,US,1,13
Kid Simius,ES,1,13
Lorde & Flume,NZ,1,13
Minako Yoshida,JP,1,13
Nathan Lane & Matthew Broderick,US,1,13
Nina Simone,US,1,13
Norman Greenbaum,US,1,13
Omar et Fred,FR,1,13
Overcrest,US,1,13
Pilot,GB,1,13
Plain White Ts,US,1,13
Shy'm,FR,1,13
Silver Convention,DE,1,13
The Dandy Warhols,US,1,13
The Procussions,US,1,13
The Verve,GB,1,13
Van Halen,US,1,13
Victor Le Masne - Topic,FR,1,13
Wallace Collection,BE,1,13
Young-Holt Unlimited,US,1,13
"2Pac, Roger Troutman & Dr. Dre",US,1,12
Benson Boone,US,1,12
Beyonce,US,2,12
Caesars,SE,1,12
Carl Douglas,JM,1,12
Dania Bartolomeo,FR,1,12
Dizzee Rascal,GB,1,12
Eddie Johns,LR,1,12
Flako,US,1,12
Human League,GB,1,12
Israel Kamakawiwo'ole,US,1,12
JJ,,1,12
Janis Joplin,US,1,12
Le top des Tout-P'tits,FR,1,12
Mac Dre,US,1,12
Rossini,IT,1,12
Seelenluft,CH,1,12
Shaka Ponk,FR,1,12
Vanilla Ice,US,1,12
Venetian Princess,US,1,12
Zane Alexander,US,1,12
Amy Macdonald,GB,1,11
Crazy Town,US,1,11
Crystal Waters,US,1,11
Faith Hill,US,1,11
Force Unknown,GB,1,11
Foreigner,GB,1,11
Ghostbusters,US,1,11
Infected Mushroom,IL,1,11
Jimi Hendrix,US,1,11
Kris Allen,US,1,11
La Roux,GB,1,11
Le Metropole Orkest,FR,2,11
Lee Greenwood,US,1,11
Lesiem,IT,1,11
Lowfi Ghostie,JP,1,11
Miranda Cosgrove featuring Drake Bell,US,1,11
Naked Eyes,GB,1,11
Natasha Bedingfield,US,1,11
Peggy March,US,1,11
RJD2,US,1,11
Red Hot Chili Pepper ( Gamper,,1,11
Richard Carter,GB,1,11
Skippa da Flippa,US,1,11
Survivor,US,1,11
The Temptations,US,1,11
"""Weird Al"" Yankovic & Mike Kieffer",,1,10
American Heroes,US,1,10
Deep Purple,GB,1,10
Don McLean,US,1,10
Eagles,US,1,10
Freestylers,GB,1,10
Jason Mraz,US,1,10
Kamari Carter,US,1,10
Kim Carnes,US,1,10
Mareux,US,1,10
Nihonzera,JP,1,10
PSY (Artist),KR,1,10
Phill Collins,GB,1,10
Ramones,US,1,10
Seryoga,BY,1,10
Stiig,EE,1,10
T.I.,US,1,10
VØJ & Narvent,UA,1,10
Actress,GB,1,9
Bassnectar,US,1,9
Boy George,,1,9
Don Omar,FR,1,9
Johnny Hallyday,FR,1,9
Kansas,US,1,9
Kris Kross,US,1,9
Paris Hilton,US,1,9
Sak Noel,ES,1,9
Sidney Samson,NL,1,9
Soprano,FR,1,9
Spice Girls,GB,1,9
Tan Dun,CN,1,9
The Knack,GB,1,9
Whitesnake,GB,1,9
2 Chainz,US,1,8
C+C Music Factory,US,1,8
Dev,US,1,8
Digital Underground,US,1,8
Grand Funk Railroad,US,1,8
"Jonas Blue, Malive",BR,1,8
La Fouine,FR,1,8
Moussier Tombola,FR,1,8
Rick Astley,GB,1,8
Rob Dougan,AU,1,8
Rose Royce,US,1,8
Coolio,US,1,7
"Eminem, Dr. Dre & 50 Cent",US,1,7
Felix Jaehn,DE,1,7
Josh tobin,US,1,7
Maya,FR,1,7
Oivia Newton John,AU,1,7
Power Music,DE,1,7
Pzk,FR,1,7
The J. Geils Band,US,1,7
Thomas,GB,1,7
Weiss,GB,1,7
Wiz Khalifa,US,1,7
Chief Keef,US,1,6
Electrixx,RU,1,6
Engelbert,GB,1,6
Gummibär,FR,1,6
Jim Jamison,US,1,6
John Denver & The Muppets,US,1,6
MC Hammer,US,1,6
Savage,US,1,6
Spandau Ballet,GB,1,6
White Stripes,US,1,6
A Flock of Seagulls,GB,1,5
Booty Full,FR,1,5
Chet Baker,US,1,5
HardNox,US,1,5
Jamie Foxx,US,1,5
Joris Delacroix,FR,1,5
Wolfgang Amadeus Mozart,DE,1,5
Arnold Schoenberg,DE,1,4
Fergie,US,1,4
Kelis,US,1,4
Portishead,GB,1,4
Soulja Boy Tell 'Em,US,1,4
Arvo Part,EE,1,3
The Guess Who,CA,1,2
The Strumbellas,CA,1,2
Laufey,IS,1,1
Luther Vandross,US,1,1
Yael Naïm,IL,1,1
Bad Musician,US,1,0
