year_added,primary_artist,songs,plays
2026,Supermode,1,319
2026,Cour De Recré,1,230
2026,Calvin Harris,1,206
2026,Susumu Hirasawa,1,165
2026,DIVA FAUNE,1,125
2026,Surf Mesa,1,97
2026,ZZ Top,1,82
2026,Alfie Templeman,1,77
2026,The Jimi Hendrix Experience,1,77
2026,Cassius,1,58
2026,Sam Cooke,1,56
2026,Polo & Pan et Metronomy,1,55
2026,Metronomy,1,45
2026,France Football Anthem,1,36
2026,Daddy DJ,1,33
2026,Schnuffel,1,28
2026,The Doors,1,23
2026,Tomoko Aran,1,17
2026,Bill Withers,1,16
2026,Boys Town Gang,1,15
2026,Donna Summer,1,14
2026,Norman Greenbaum,1,13
2026,The Whispers,1,13
2026,Crazy Town,1,11
2026,Nihonzera,1,10
2026,Daft Punk,1,8
2026,"Jonas Blue, Malive",1,8
2026,Disclosure,1,7
2026,Weiss,1,7
2026,Maya,1,6
2026,Huey Lewis & The News,1,4
2026,The Strumbellas,1,2
2026,Laufey,1,1
2026,Luther Vandross,1,0
2025,Horalion,2,402
2025,Taylor Swift,2,344
2025,Bon Entendeur,2,328
2025,Mattyeux,1,317
2025,French 79,1,299
2025,Satoshi Kon,1,235
2025,"DJ Alex Man, PHURS, Andreea Flavia",1,220
2025,Claude François,2,209
2025,Moby,3,203
2025,George Moir,1,190
2025,Linda Scott,1,181
2025,Marina Kaye,1,180
2025,Lighthouse Family,2,154
2025,Blur,2,144
2025,Fleetwood Mac,1,140
2025,"Claude François, Frédérique",1,137
2025,SXCREDMANE,1,137
2025,Visitor,1,134
2025,Vianney,1,113
2025,France Gall,1,104
2025,Real California Milk,1,101
2025,Liz Callaway,1,98
2025,ALTÉGO & Ely Oaks & LAVINIA,1,96
2025,The Kid Laroi & Justin Bieber,1,90
2025,Myles Smith,2,81
2025,T.A.T.U,1,78
2025,Tatsuro Yamashita,1,78
2025,Dynoro & Mike Demero,1,71
2025,Melanie Martinez,1,65
2025,Tom Misch,1,65
2025,Red Hot Chili Pepper,1,64
2025,De Soffer & Les Bisous,1,63
2025,Marlena Shaw,1,63
2025,Jordan Clarke,1,61
2025,Kraftwerk,1,60
2025,Van She,1,59
2025,Squid Game,1,56
2025,Janet Jackson,1,55
2025,Christophe,1,54
2025,Metronomy,1,54
2025,Robson Jorge & Lincoln Olivetti,1,54
2025,Mike Newman,1,52
2025,Superbus,1,51
2025,Homi & Jarvis,1,50
2025,Tame Impala,1,48
2025,Moonlight,1,47
2025,"Rema, Selena Gomez",1,46
2025,The Whispers,1,45
2025,Erika,1,42
2025,Joyce Jonathan,1,42
2025,Yves (artist),1,42
2025,W&W,1,41
2025,JuL,1,40
2025,Siedah Garrett,1,40
2025,Channel Tres,1,39
2025,Josiane,1,39
2025,David Bowie,1,36
2025,Labi Siffre,1,35
2025,Bingo Players,1,34
2025,Disney,1,34
2025,Videoclub,1,34
2025,Rob Zombie,1,33
2025,Take That,1,33
2025,Gracie Abrams,1,31
2025,Josh Fudge,1,31
2025,Sombr,1,31
2025,Elvis Presley,1,30
2025,"GEE LEE, Riton",1,30
2025,VITAA,1,29
2025,Anita Ward,1,28
2025,Dion,1,28
2025,Kylie Minogue,1,28
2025,Meiko Nakahara,1,28
2025,Sweetpower,1,27
2025,The Rapture,1,27
2025,the Fratellis,1,27
2025,Filous & Clementine,1,26
2025,Kate Ryan,1,26
2025,Shawn Mendes,1,26
2025,Dj Dark & MD Dj,1,25
2025,Elton John,1,25
2025,Jawny,1,25
2025,The Delfonics,1,25
2025,M (Music Artist),1,24
2025,Martin Garrix,1,24
2025,Weightlessness,1,24
2025,Years & Years & Gryffin,1,24
2025,Odetta,1,23
2025,Sam,1,22
2025,The Yardbirds,1,22
2025,Blackpink,1,21
2025,I Monster,1,21
2025,Billie Eilish,1,20
2025,Djo,1,20
2025,Huntrix,1,20
2025,Doobie Brothers,1,19
2025,STRFKR,1,19
2025,Breakbot,1,18
2025,Global Communication,1,18
2025,Melanie,1,18
2025,Pinkpantheress,1,18
2025,Sam Gellaitry,1,18
2025,The Kaleidoscopes & The Nightswimmers,1,18
2025,Tourism,1,18
2025,Berlioz,1,16
2025,M Ward,1,16
2025,Saja Boys,1,16
2025,The Revivalists,1,16
2025,Connie Francis,1,15
2025,The Verve Pipe,1,15
2025,Third Eye Blind,1,15
2025,Toro y Moi,1,15
2025,Chinese Man,1,14
2025,George Clinton Jr,1,14
2025,"PinkPantheress, Ice Spice",1,14
2025,Castlecomer,1,13
2025,Chic (Band),1,13
2025,DJ Earthworm,1,13
2025,George Ezra,1,13
2025,Lorde & Flume,1,13
2025,Nina Simone,1,13
2025,Victor Le Masne - Topic,1,13
2025,Disclosure,1,12
2025,Dusty Springfield,1,12
2025,Nancy Sinatra,1,12
2025,Nino Ferrer,1,12
2025,Sia,1,12
2025,Force Unknown,1,11
2025,Kris Allen,1,11
2025,Richard Carter,1,11
2025,Laurent Voulzy,1,10
2025,Mareux,1,10
2025,Vengaboys,1,10
2025,Wallows,1,10
2024,Bon Entendeur,13,1236
2024,AIR (Band),9,439
2024,Visitor,1,418
2024,Blondie,5,396
2024,Patrick Cowley,2,349
2024,DEEJMD,1,265
2024,Flight Facilities,7,238
2024,Matthew Wilder,1,227
2024,Paul Johnson,1,208
2024,The Foundations,1,206
2024,S. Kiyotaka & Omega Tribe,1,194
2024,PNAU,1,163
2024,Cassius,2,156
2024,The Strokes,1,156
2024,113,1,151
2024,Mika,1,146
2024,Patrick Hernandez,1,143
2024,Soulwax,1,142
2024,Marina Kaye,1,134
2024,Giulio Cercato,1,130
2024,Coldplay,2,121
2024,Never Dull,1,117
2024,Van She,2,117
2024,The Avalanches,1,115
2024,Gotye,2,111
2024,The Chemical Brothers,2,109
2024,Peggy Gou,1,108
2024,The Monkees,1,106
2024,Thomas Bangalter & Dj Falcon,1,105
2024,Serge Gainsbourg,1,97
2024,ROSÉ & Bruno Mars,1,93
2024,Claude Nougaro,1,92
2024,Mylene Farmer,1,91
2024,Le Club,1,90
2024,Grand popo football club,1,88
2024,James Blunt,1,87
2024,Paul Kalkbrenner,1,87
2024,The King Khan & BBQ Show,1,86
2024,Armand Van Helden,1,85
2024,Paul Simon,1,85
2024,Zoot Woman & Le Knight Club,1,82
2024,Niagara,1,81
2024,France Gall,2,79
2024,Gavinco,1,77
2024,Bennett & Bruno Coulais,1,76
2024,Alphaville,1,74
2024,Charlotte Cardin,1,73
2024,Beastie Boys,1,72
2024,Peter Bjorn,1,70
2024,David Guetta,1,69
2024,Fatboy Slim,1,68
2024,Max Berlin,1,66
2024,Coke Royalty,1,65
2024,Gibson Brothers,1,65
2024,Oxmo Puccino,1,65
2024,Sam Gellaitry,1,64
2024,The Whitest Boy Alive & Fred Falke,1,64
2024,Kylie Minogue,1,63
2024,Roy Ayers Ubiquity,1,63
2024,Début de Soiree,1,62
2024,Voyage (band),1,62
2024,HNNY,1,61
2024,Sable,1,61
2024,DJ Mehdi,1,56
2024,Damn Arms,1,56
2024,Imagination,1,56
2024,Crazy Girl & Memphis,1,55
2024,Dua Lipa,1,54
2024,Quantic,1,54
2024,Almost Monday,1,53
2024,Etienne de Crecy,1,53
2024,Toecutter & Flight Facilities,1,53
2024,Kool & the Gang,1,52
2024,Mos Def,1,52
2024,Aretha Franklin,1,51
2024,Madison Avenue,1,51
2024,Peter Schilling,1,50
2024,Jamiroquai,2,49
2024,Phoenix,1,49
2024,Ivan (Singer),1,47
2024,Supreme NTM,1,47
2024,Ace of Base,1,46
2024,Chappell Roan,2,46
2024,Oliver Heldens,1,46
2024,Stevie Wonder,1,46
2024,Belle Epoque,1,45
2024,Bleu Toucan,1,45
2024,Walter Murphy & Flight Facilities,1,45
2024,ADAMSKI,1,44
2024,Paris By Air,1,44
2024,Lady Gaga,1,43
2024,Sylvester,1,43
2024,Al Corley,1,41
2024,BadBadNotGood,1,41
2024,The Rapture,1,41
2024,Michael Gray,1,40
2024,Stephen Sanchez & Em Beihold,1,40
2024,Aphex Twin,1,39
2024,George McCrae,1,39
2024,Isabelle,1,39
2024,Justice,1,39
2024,Ariana Grande,1,38
2024,Chris Isaak,1,38
2024,Electric Light Orchestra,1,38
2024,One T  Cool T,1,38
2024,Souls of Mischief,1,38
2024,Anyma & Chris Avantgarde & Massano,1,37
2024,Barry Blue,1,37
2024,Muriel Dacq,1,37
2024,Feder,1,36
2024,Bibi Flash,1,34
2024,Chance The Rapper,1,34
2024,Cut Copy,1,34
2024,ABBA,1,33
2024,Kangoo (Serie TV),1,33
2024,Huey Lewis & The News,1,32
2024,Laura Branigan,1,32
2024,Mylo,1,32
2024,Sam Smith,1,32
2024,The Ronettes,1,32
2024,Fede Klotz,1,31
2024,Jacques Cardona,1,31
2024,Kim Petras,1,31
2024,SBTRKT,1,31
2024,Bobby Caldwell,1,30
2024,Midnight Juggernauts,1,30
2024,Raphael,1,30
2024,Anri,1,29
2024,Takuya Kuroda,1,29
2024,Ultra Naté,1,29
2024,Shaboozey,1,28
2024,Sonya Spence,1,28
2024,Foster the people,1,27
2024,Gigi D'Agostino,1,27
2024,Isley Brothers,1,26
2024,Paul McCartney & The Wings,1,26
2024,Sade,1,26
2024,The Outfield,1,26
2024,Eliza Rose,1,25
2024,Minnie Riperton,1,25
2024,Richard Sanderson,1,25
2024,Roger Sanchez,1,25
2024,Death From Above 1979,1,24
2024,Mark Morrison,1,24
2024,Parvati Khan,1,24
2024,Regrets,1,24
2024,Spargo,1,24
2024,Tensnake & Purple Disco Machine,1,24
2024,The Pointer Sisters,1,24
2024,Tiga,1,24
2024,Chris Norman & Suzi Quatro,1,23
2024,DB Boulevard,1,23
2024,Fred again..,1,23
2024,Alain Souchon,1,22
2024,Jennifer Lopez,1,22
2024,Alain Bashung,1,21
2024,Francoise Hardy,1,21
2024,George Benson,1,21
2024,Hot Chelle Rae,1,21
2024,Madonna,1,21
2024,The Beatles,1,21
2024,Tyla (Artist),1,21
2024,Digitalism,1,20
2024,Elli et Jacno,1,20
2024,Fugees,1,20
2024,Laurie destal,1,20
2024,Loleatta Holloway,1,20
2024,RÜFÜS DU SOL,1,20
2024,Zimmer90,1,20
2024,Dusty Springfield,1,19
2024,First Choice,1,19
2024,Lenny Kravitz,1,19
2024,Baccara,1,18
2024,Pitbull,1,18
2024,Talking Heads,1,18
2024,Tujamo,1,18
2024,Bonobo,1,17
2024,Eartha Kitt,1,17
2024,Kasso,1,17
2024,Miike Snow,1,17
2024,Cilla Black,1,16
2024,Donna Summer,1,16
2024,East Coast,1,16
2024,Interview,1,16
2024,Michel Berger,1,16
2024,STRFKR,1,16
2024,Alanis Morissette,1,15
2024,CTID,1,15
2024,Ghost,1,15
2024,Howard Jones,1,15
2024,La Bouche,1,15
2024,Ottowan,1,15
2024,Patrice Rushen,1,15
2024,Princess Chelsea,1,15
2024,Jean Schultheis,1,14
2024,Crystal Castles,1,13
2024,Friendly Fires,1,13
2024,George Harrison,1,13
2024,Japanese Breakfast,1,13
2024,Minako Yoshida,1,13
2024,Silver Convention,1,13
2024,Ten Walls,1,13
2024,Van Halen,1,13
2024,Wallace Collection,1,13
2024,Young-Holt Unlimited,1,13
2024,Benson Boone,1,12
2024,Diana Ross,1,12
2024,Eddie Johns,1,12
2024,Seelenluft,1,12
2024,Crystal Waters,1,11
2024,Lee Greenwood,1,11
2024,Peggy March,1,11
2024,RJD2,1,11
2024,Dj Snake,1,10
2024,Jean-Jacques Goldman,1,10
2024,Sabrina Carpenter,1,10
2024,VØJ & Narvent,1,10
2023,Daft Punk,21,470
2023,Polo & Pan,3,263
2023,Cigarettes After Sex,2,210
2023,Anri,1,197
2023,Simple Plan,1,189
2023,MACROSS 82-99,1,188
2023,Last Dinosaurs,2,185
2023,FIFTY FIFTY (피프티피프티),1,175
2023,Riton & Kah-Lo & Empire of the Sun,1,172
2023,Toshiki Kadomatsu,2,169
2023,Bon Entendeur,1,165
2023,Kylie Minogue,1,159
2023,Masayoshi Takanaka,1,157
2023,Vegedream,1,155
2023,L'Algerino,1,150
2023,Fifty Fifty,1,145
2023,Vantage,3,141
2023,Tseba,1,139
2023,Wink,1,137
2023,Clara Luciani,1,136
2023,Imanbek & BYOR,1,133
2023,La Caution,1,130
2023,Bigflo & Oli & Julien Dorée,1,124
2023,Grouplove,1,124
2023,Dua Lipa,2,115
2023,Edmofo,1,107
2023,Thomas Bangalter & Dj Falcon,3,104
2023,"Daft Punk, Julian Casablancas & The Voidz",1,103
2023,Meiko Nakahara,2,103
2023,Styx,1,103
2023,Camellia,2,101
2023,Harry Styles,4,99
2023,Hugh Atkin,1,99
2023,Aden Foyer,1,97
2023,DaJugglingFool,1,95
2023,Dayglow,1,94
2023,Choices,1,90
2023,Nanidato,1,90
2023,Put Put,1,90
2023,Tame Impala,1,89
2023,Yung Bae,1,89
2023,Dalida,1,82
2023,Lola Marsh,1,82
2023,Mere Notilde,1,82
2023,U2,1,79
2023,AnTgry,1,77
2023,The Dinosaurs Skin,1,77
2023,442oons,1,76
2023,David Guetta,1,75
2023,Jean Jacques Goldman,1,74
2023,Lady Gaga,1,74
2023,Dertay,1,73
2023,The Offspring,1,73
2023,Desired,1,71
2023,Saint Motel,1,71
2023,Omega Tribe,1,70
2023,McFadden & Whitehead,1,68
2023,Cavi,1,67
2023,Lady GaGa,1,65
2023,Zai Kowen,1,65
2023,Freeze Corleone 667,1,63
2023,BØRNS,2,62
2023,Disclosure,1,62
2023,The Lonely Island,1,59
2023,Flamingosis,1,58
2023,Cannons,1,57
2023,Dominic Pierce,1,57
2023,Joy Crookes,1,57
2023,Kungs,1,57
2023,Louise Attaque,1,55
2023,Baby Queen,1,54
2023,Carte Blanq & Maxx Power,1,54
2023,Red Axes,1,54
2023,Goomar & GrandHuit,1,51
2023,Nocti,1,51
2023,Sure Sure,1,51
2023,Eddy de Pretto,1,50
2023,Olav Swarowsky,1,50
2023,Stevie Nicks,1,50
2023,Emma Peters,1,49
2023,OrelSan & Angele,1,49
2023,Christian Gaubert,1,48
2023,"Daft Punk, Pharrell Williams & Nile Rodgers",2,48
2023,Kali Uchis,1,48
2023,Marshmello & Khalid,1,48
2023,Nicki Minaj,1,46
2023,Paul McCartney & Tatsuro Yamashita,1,46
2023,Afrojack,1,44
2023,MAGIC,1,44
2023,Yelle,1,44
2023,Bambee,1,42
2023,Keren Ann,1,42
2023,Miley Cyrus,1,42
2023,Aya Nakamura,1,40
2023,Junko Ohashi,2,40
2023,OneRepublic,2,40
2023,Saint Privat,1,40
2023,Tatsuro Yamashita,1,40
2023,Mami Ayukawa,1,39
2023,Backstreet Boys,1,38
2023,Neil Young,1,38
2023,Claude Nougaro,1,37
2023,Pedro Santos,1,37
2023,Fitz,2,36
2023,Kim Petras,1,36
2023,The Weeknd,1,36
2023,Yakosei Amuse,1,36
2023,Avril Lavigne,1,35
2023,Blue Rain Boots,1,35
2023,Drake,1,35
2023,Avicii,1,34
2023,Duke Dumont,1,34
2023,SAINt JHN & Imanbek,1,34
2023,Blondie,1,33
2023,Joe Dassin,1,33
2023,Naaz,1,33
2023,Neon Trees,1,33
2023,Borgore,1,32
2023,Cass Elliot,1,32
2023,Children of Zeal,1,32
2023,Diana Panton,1,32
2023,Electronic,1,32
2023,Ghost Beach,1,32
2023,Post Malone,1,32
2023,SS501,1,32
2023,Stacey Kent,1,32
2023,Trevor Daniel,1,32
2023,Coralie Clément,1,31
2023,Else,1,31
2023,Portugal The Man,1,31
2023,Sza,1,31
2023,David Bowie,1,30
2023,Eels,1,30
2023,Linkin Park,1,30
2023,Piper,1,30
2023,Blur,1,29
2023,Carla Bruni,1,29
2023,Dean Martin,2,29
2023,Meric Again & 22 Angels,1,29
2023,The Rubettes,1,29
2023,The Zombies,1,29
2023,Wallows,2,29
2023,Angèle,1,28
2023,Les Trois Accords,1,28
2023,Sergio Mendes,1,28
2023,Trails,1,28
2023,Bronski Beat,1,27
2023,Junior Senior,1,27
2023,Kate Bush,1,27
2023,Metro Boomin,1,27
2023,Nuane (feat. Aritus),1,27
2023,The Blaze,1,27
2023,Brockbeats,1,26
2023,"I, Monster",1,26
2023,Phil Collins,1,26
2023,Camille,1,25
2023,Lil Tay,1,25
2023,Suzy Q,1,25
2023,Tim Dup,1,25
2023,ABBA,1,24
2023,Bastille,1,24
2023,Bonnie Tyler,1,24
2023,Garden City Movement  Lola Marsh,1,24
2023,Loane,1,24
2023,Aurora,1,23
2023,L'Impératrice,1,23
2023,Lifelike,1,23
2023,Purple Disco Machine,1,23
2023,Sam Smith,1,23
2023,Seb,1,23
2023,The Doozers,1,23
2023,Tommy McCook,1,22
2023,Dresage &  Slow Shiver,1,21
2023,Feirtag,1,21
2023,Kaoru Akimoto & Night Tempo,1,21
2023,Louis Prima,1,21
2023,The B-52s,1,21
2023,The Chordettes,1,21
2023,Austin Millz,1,20
2023,Cerrone,1,20
2023,Clean Bandit,1,20
2023,Sleepy Souls,1,20
2023,ACRAZE,1,19
2023,Bob Dylan,1,19
2023,Doja Cat,1,19
2023,Gym Class Heroes,1,19
2023,Shocking Blue,1,19
2023,Trinidad Cardona DaVido Aisha,1,19
2023,Delegation,1,18
2023,The Heavy,1,18
2023,Claire Rosinkranz,1,17
2023,Momoko Kikuchi,1,17
2023,The Clash,1,17
2023,The Pussycat Dolls,1,17
2023,Conan Gray,1,16
2023,Riize,1,16
2023,The Cure,1,16
2023,Hensonn,1,15
2023,Paul Anka,1,15
2023,The Neighbourhood,1,14
2023,Buddy Holly,1,13
2023,Doechii,1,13
2023,Selena Gomez,1,13
2023,Shaka Ponk,1,12
2023,Lowfi Ghostie,1,11
2022,Tatsuro Yamashita,7,862
2022,Anri,6,785
2022,Yung Bae,2,312
2022,Vantage,2,284
2022,Desired,3,258
2022,Miki Matsubara,2,251
2022,nawhij,6,245
2022,Mere Notilde,1,219
2022,Moondough,1,196
2022,Night Tempo,2,192
2022,Videoclub,1,180
2022,Gryffin,1,179
2022,Badfinger,2,175
2022,Saint Pepsi,2,174
2022,Mr.Vtage,1,164
2022,Baddiel Skinner,1,149
2022,M.A.G.S,1,146
2022,Ginger Root,3,145
2022,Mariya Takeuchi,2,141
2022,Engelbert Humperdinck,1,134
2022,Davioux,1,131
2022,Kate Bush,1,130
2022,Sting,1,128
2022,September,1,126
2022,Lola Disco,2,124
2022,Yurie Kokubu,1,119
2022,Polo & Pan,2,114
2022,Swum,1,112
2022,Crystal Atlantic,1,111
2022,Skibblez & My NamE,1,106
2022,Dreamboy 84,1,101
2022,Junko Ohashi,2,100
2022,Soulitune,2,99
2022,Last Dinosaurs,1,93
2022,Therapie Taxi,1,93
2022,Soul Bells & MACROSS 82-99,1,92
2022,Tipling Rock,2,92
2022,Ehrling,1,91
2022,Bon Entendeur,1,89
2022,Sonia Rosa & Night Tempo,1,89
2022,"Ozuna, RedOne  & Maitre Gims",1,88
2022,Nayla & Bon Entendeur,1,86
2022,Soliterre,1,86
2022,Ceruleancerise,1,85
2022,Dire Straits,1,84
2022,IdChief,1,84
2022,Future Girlfriend,1,83
2022,Molchat Doma,1,83
2022,George Michael,1,82
2022,Niall Horan & Anne-Marie,1,82
2022,Our Samplus & Bon Entendeur,1,81
2022,The Strokes,1,79
2022,Aritus,2,76
2022,KC & The Sunshine Band,1,76
2022,Leon Haywood & Bon Entendeur,1,73
2022,Internet Affairs,1,72
2022,Billy Walker,1,71
2022,Bobby Bare,1,70
2022,Takako Mamiya,1,67
2022,Tomoko Aran,1,66
2022,Early Eyes,2,65
2022,Late Night Tuff Guy & Bon Entendeur,1,65
2022,Max Frost,1,65
2022,Skibblez & DeeJMD,1,65
2022,The F16s,1,64
2022,Makoto Matsushita,1,59
2022,Toshiki Kadomatsu,1,59
2022,Babe & Night Tempo,1,58
2022,Cold(Artist),1,58
2022,Lady GaGa,1,58
2022,Akina Nakamori,1,57
2022,RITCHRD,1,57
2022,Tanuki,1,53
2022,Austenyo,1,52
2022,Temporex,1,52
2022,Kid Smoko,1,51
2022,Taeko Ohnuki,1,50
2022,Lovejoy,1,49
2022,Soft Palace,1,48
2022,The Booyah! Kids,1,48
2022,Jazz Trio Loop,1,47
2022,Junko Yagami,1,47
2022,MACROSS 82-99,1,47
2022,Takeuchi Mariya & Night Tempo,1,46
2022,They Might Be Giants,1,46
2022,Various Artists,2,45
2022,The Association,1,44
2022,Pop Up!,1,43
2022,Vansire,1,43
2022,Zeeky Beats,1,43
2022,Donny Electric,1,42
2022,Lee(artist),1,42
2022,Evergreen,1,41
2022,Lukrembo,1,41
2022,Bob Dylan,1,40
2022,Monamie,1,39
2022,TUPPERWAVE,1,39
2022,Alexander Rybak,1,38
2022,Touchstone,1,38
2022,Her's,1,37
2022,Iden Kai,1,37
2022,Jennie (from BlackPink),1,36
2022,classic.files,1,36
2022,Flatsound,1,34
2022,S.I.R Please,1,34
2022,David Guetta,1,33
2022,Nelward,1,33
2022,yuugen & Brayan Rojitas,1,32
2022,Johnny Stimson,1,31
2022,Jovelli,1,31
2022,Zedd,1,31
2022,Branbal & Home,1,30
2022,deadmau5,1,29
2022,Madonna,1,28
2022,Memorex Memories,2,28
2022,Ambassador,1,27
2022,Housecall,1,26
2022,Skule Toyama,1,26
2022,Voyage,2,26
2022,Meiko Nakahara,1,25
2022,憂鬱,2,25
2022,Hotel Pools,2,24
2022,Nick Lowe,1,24
2022,Cherub,1,23
2022,Electric Guest,1,22
2022,Francci,1,22
2022,Jonas Brothers,1,22
2022,Nicky Youre & Dazy,1,22
2022,Daft Punk,1,21
2022,The Devils Sway,1,21
2022,90sFlav,1,19
2022,Astro,1,19
2022,Bread & Butter,1,18
2022,The Outcast Owl & Home,1,17
2022,Daniele Vitale Sax,1,16
2022,Forhill,1,16
2022,Gemini Drive,1,16
2022,Animal Kingdom,1,15
2022,LuigiDonatello & Home,1,15
2022,Overcrest,1,13
2022,Zane Alexander,1,12
2022,Kamari Carter,1,10
2022,Stiig,1,10
2021,Bon Entendeur,3,594
2021,The Weeknd,4,587
2021,Polo & Pan,5,515
2021,Kungs,3,460
2021,Synapson,4,383
2021,Daft Punk,4,362
2021,Electric Light Orchestra,2,354
2021,Die Woodys,2,349
2021,Lost Frequencies  & Kungs,1,330
2021,Guts,4,319
2021,Regard,2,311
2021,.EEhou,3,310
2021,Maroon 5,2,307
2021,Lost Frequencies  & Janieck Devy,2,300
2021,Air Supply,1,298
2021,Sacha Distel,1,289
2021,Dim Zach,1,283
2021,The Avener & M.I.L.K.,1,281
2021,All Hail the Silence,1,277
2021,Matchbox Twenty,3,266
2021,Daft Punk (Thomas Bangalter & DJ Falcon as Together),1,255
2021,Tal (artist),1,253
2021,Tony Igy,2,252
2021,Dansu,3,251
2021,Boy Pablo,3,234
2021,Dua Lipa,3,234
2021,Flovry & Tender Spring,2,218
2021,Gilbert Bécaud,1,214
2021,Lifelike,1,213
2021,Wünsche,2,211
2021,Paradis,2,209
2021,Doja Cat,3,206
2021,Gilbert O'Sullivan,1,206
2021,Lomtre,2,206
2021,Charles Aznavour,2,205
2021,Britney Spears,4,204
2021,Conan Gray,1,201
2021,Kid Francescoli,2,201
2021,The Rolling Stones,1,201
2021,Pet Shop Boys,1,195
2021,Therapie Taxi,2,191
2021,Bealby Point,1,186
2021,Dayglow,3,170
2021,Noah Chenfeld,2,165
2021,"Elton John, Dua Lipa",1,161
2021,Coldplay,1,155
2021,COEO,1,150
2021,Ava Max,1,148
2021,Alan Walker,1,146
2021,Weezer,1,146
2021,Fiji Blue,1,145
2021,Sofiane,1,144
2021,Sexy Pigeon,1,141
2021,Soso maness,1,139
2021,Vansire,1,138
2021,Billy Joel,2,137
2021,She Said Disco,1,136
2021,The King's Parade,1,135
2021,Siboy,1,134
2021,Tove Lo,1,133
2021,Krystal Klear,2,131
2021,Cold(Artist),1,126
2021,Hunter,1,126
2021,Dj Antoine & The Beat Shakers,1,125
2021,F.R. David,1,125
2021,Francoise Hardy,1,124
2021,Tessa Violet,1,124
2021,Limahl,1,122
2021,Steve Winwood,1,122
2021,Taco!,1,122
2021,Lewis Capaldi,1,121
2021,Feder,1,120
2021,Tame Impala,1,118
2021,Blue Oyster Cult,1,117
2021,Linkin Park,2,117
2021,Pretty Lights,1,116
2021,Soolking,1,116
2021,Blackguyrandy,1,114
2021,Riton,2,111
2021,Sarcastic Sounds,1,111
2021,Spencer hunt,1,111
2021,Last Dinosaurs,2,109
2021,The Magnetic Fields,1,108
2021,Yann Dulché,1,107
2021,Vegedream,1,106
2021,Young the Giant,1,106
2021,I'm Surf,1,105
2021,Gesaffelstein,1,104
2021,Sabrina Carpenter,1,104
2021,Beastie Boys,1,103
2021,Jen(Artist),1,103
2021,Jishle,1,103
2021,Naïka,1,103
2021,Johve,1,102
2021,Topic & Bebe Rexha,1,102
2021,Vector Graphics,1,102
2021,Jawny,1,101
2021,Fantompower,1,100
2021,Jason Derulo,1,100
2021,Shaga,1,100
2021,Heizzah,1,99
2021,Mell-o,1,99
2021,Michel Delpech,1,99
2021,No Buses,1,99
2021,Soitchy,1,99
2021,Tony Stocker,1,99
2021,Wulf Morpheus,1,98
2021,Dolly Parton,1,97
2021,Jordy Chandra,1,97
2021,Miguel Bose,1,97
2021,Mommy,1,97
2021,Nino Ferrer,1,97
2021,Scatman John,1,97
2021,Hoogway,1,95
2021,Kosibeats,1,95
2021,Brillion,1,93
2021,Iro(Artist),1,93
2021,Tabal(Artist),1,93
2021,Pas Sages,1,92
2021,Claire Laffut,1,91
2021,Toonorth,1,91
2021,Animotion,1,87
2021,Harry Nillson,1,86
2021,Johnny Cash,1,86
2021,MACROSS 82-99,1,86
2021,SunStroke Project & Olia Tira,1,86
2021,Billie Eilish,1,85
2021,Escort,1,85
2021,P!nk,1,85
2021,Stan Getz & Joao Gilberto,1,85
2021,Todd Rundgren,1,85
2021,Candid,1,84
2021,Electric Guest,1,80
2021,Gotan Project,1,80
2021,Jean Ferrat,1,80
2021,Le Maitre,1,80
2021,Kaoma,1,79
2021,L'Impératrice,1,79
2021,Supertramp,1,79
2021,BTS,1,78
2021,PNL,1,78
2021,Sade,1,78
2021,Toybox,1,78
2021,Vantage,1,78
2021,Alain Bashung,1,77
2021,"Myth Syzer (Ft. Bonnie Banane, Ichon & Muddy Monk)",1,77
2021,Public(Band),1,77
2021,Tiesto,1,77
2021,Poolside,1,76
2021,Arcade Fire,1,75
2021,Daniel Powter,1,75
2021,FUR,1,75
2021,Floating Points,1,75
2021,Glass Animals,1,75
2021,Gael Faye,1,74
2021,Kali Uchis,1,74
2021,Richard Marx,2,74
2021,Beach House,1,73
2021,BradBroooks,1,73
2021,Pascal Letoublon,1,73
2021,Vicetone,1,73
2021,Johnny Jane,1,70
2021,Peach Tree Rascals,1,70
2021,The Beatles,1,70
2021,John Grant,1,69
2021,Juniore,1,69
2021,Naps,1,69
2021,OrelSan & Damso,1,68
2021,Pony Pony Run Run,1,68
2021,The Velvet Underground,1,68
2021,Miel De Montagne,1,67
2021,Nytron & Sugar Hill,1,67
2021,24kGoldn,1,66
2021,Bearson & Lemaitre,1,66
2021,Cherie,1,66
2021,Kanye West,1,66
2021,Knightlife,1,66
2021,MGMT,1,66
2021,Simon,1,66
2021,Charlie Faron,1,65
2021,Rocketman,1,65
2021,Augie Rios,1,64
2021,Bella Poarch,1,64
2021,Kid Cudi,1,64
2021,Offenbach,1,62
2021,Suzanne Vega,1,62
2021,Tom Misch,1,62
2021,Yeek,1,62
2021,Clio,1,61
2021,Honne & Tom Misch,1,61
2021,Surfaces,1,61
2021,Florence & The Machine,1,60
2021,Luna Blue,1,59
2021,OMC,1,59
2021,Terence Trent D'Arby,1,59
2021,Discobitch,1,58
2021,Miami Horror,1,58
2021,Sza,1,58
2021,Georgie Fame & the Blue Flames,1,57
2021,James Brown,1,57
2021,Kaaris & Kalash Criminel,1,57
2021,Martin Solveig,1,57
2021,Mystery Skulls,1,57
2021,Steely Dan,1,57
2021,The Drives,1,57
2021,The Trammps,1,56
2021,Claude François,1,54
2021,Hojean,1,54
2021,Jungle,1,54
2021,Melanie Fiona,1,54
2021,Fall Out Boy,1,53
2021,Scorpions,1,52
2021,Kids in America,1,51
2021,Taba Chake,1,51
2021,Tennis,1,50
2021,Vitas,1,50
2021,The Griswolds,1,49
2021,Sticky Fingers,1,48
2021,David Gates,1,47
2021,Bad Bunny & Jhay Cortez,1,46
2021,Shelly,1,46
2021,Xinobi,1,46
2021,Gipsy Kings,1,45
2021,Lil Nas X,1,45
2021,Ariana Grande,1,44
2021,Chloe Lilac,1,44
2021,Gabrielle,1,44
2021,Sofi Tukker,1,44
2021,Joel Corry,1,43
2021,Klingande,1,43
2021,The Kid Laroi & Miley Cyrus,1,43
2021,Fred Falke & Shotgun Tom Kelly,1,41
2021,Rebounder,1,41
2021,Gorillaz,1,40
2021,Gigamesh,1,39
2021,Jack Garratt,1,38
2021,Bakermat,1,37
2021,Deadmau5,1,37
2021,Elli Ingraham,1,37
2021,Justin Bieber,1,37
2021,Koba LaD,1,37
2021,Sophie Ellis Bextor,1,37
2021,Superbus,1,36
2021,Sinead O Connor,1,35
2021,Jean Tonique,1,33
2021,Kenkfraft 400,1,33
2021,Metronomy,1,32
2021,Moodyman,1,32
2021,Polo G,1,31
2021,Carla Bruni,1,30
2021,Devendra Banhart,1,29
2021,Saweetie,1,28
2021,Kendrick Lamar,1,18
2020,Joe Dassin,7,1357
2020,Dua Lipa,10,1124
2020,Bon Entendeur,7,975
2020,Charles Aznavour,4,647
2020,Velvet Underground,2,362
2020,Serge Gainsbourg,4,348
2020,Childhood,1,334
2020,Ottowan,2,287
2020,Ava Max,2,273
2020,Purple Disco Machine,2,236
2020,The 5th Dimension,1,235
2020,MIKA,2,224
2020,Wax Audio,2,224
2020,Daft Punk,1,215
2020,Lifelike,2,187
2020,Cerrone,1,183
2020,Calogero,1,181
2020,"Maes, Ninho",1,180
2020,Disney,1,178
2020,Jean-Pierre Mader,1,170
2020,Family Guy,1,168
2020,Swivel Hips,1,165
2020,John Sebastian,1,164
2020,Got Jax,1,160
2020,Jacques Brel,1,158
2020,Gunther & Samantha Fox,1,156
2020,Pony Pony Run Run,1,156
2020,Savant,1,151
2020,Armin van Buuren,1,145
2020,Barbara,1,145
2020,Mireille Mathieu,1,144
2020,Poolside,1,139
2020,Electric Light Orchestra,1,134
2020,Harry Nilsson,1,131
2020,Sade,1,130
2020,The Pointer Sisters,1,128
2020,Gradur,1,124
2020,Nu (band),1,121
2020,Home,1,119
2020,Polo & Pan,1,118
2020,Patterns,1,116
2020,Doja Cat,1,115
2020,Shakedown,1,115
2020,Al Stewart,1,108
2020,Band Aid,1,104
2020,Bee Gees,1,101
2020,Marie Laforet,1,97
2020,AIR (Band),1,93
2020,Francis Cabrel,1,93
2020,Tiësto & Mabel,1,92
2020,The Friends of Distinction,1,91
2020,Jupiter,1,90
2020,Blondie,1,89
2020,Tom Cochrane,1,89
2020,Mabel,1,85
2020,The Presets & Lifelike,1,85
2020,Brigitte Bardot,1,83
2020,Queen,1,83
2020,Angèle,1,80
2020,Dwig,1,79
2020,Quantic,1,78
2020,Os Tincoas,1,76
2020,Radiohead,1,75
2020,La Femme,1,74
2020,Modjo,1,74
2020,Otis Redding,1,74
2020,The Telephone Hour,1,74
2020,Simone,1,73
2020,Avicii,1,72
2020,Pomplamoose & Daft Punk,1,72
2020,Tones,1,70
2020,Trans-X,1,70
2020,Madeon,1,68
2020,Joe Cocker,1,66
2020,Maitre Gims,1,66
2020,Dave Loggins,1,64
2020,The Chords,1,64
2020,Toploader,1,63
2020,Digitalism,1,61
2020,Tobtok,1,61
2020,Blue Oyster Cult,1,58
2020,Jacques Dutron,1,58
2020,Peter Cetera,1,58
2020,Junior,1,54
2020,The Kinks,1,54
2020,Willie Nelson,1,54
2020,System of a Down,1,53
2020,Yung Bae,1,52
2020,Eddy Mitchell,1,51
2020,Louis Prima,1,48
2020,Le Maitre,1,45
2020,Village People,1,45
2020,Luxxury,1,41
2020,Beck,1,38
2020,Michael Jackson,1,38
2020,Christophe Maé,1,37
2020,Santana,1,32
2019,Joe Dassin,8,1234
2019,Jacques Brel,2,517
2019,Alain Souchon,3,393
2019,Polo & Pan,2,371
2019,Queen,2,367
2019,L'Impératrice,3,359
2019,Pink Floyd,2,266
2019,Calogero,1,262
2019,Supertramp,1,222
2019,Therapie Taxi,1,205
2019,Julien Clerc,1,199
2019,Fake Blood,1,194
2019,Justice,2,194
2019,Daddy Yankee,1,191
2019,Senor Stereo,1,189
2019,Post Malone,2,181
2019,DJ Antoine,1,180
2019,Drake,3,179
2019,Harry Belafonte,1,178
2019,Randy Bachman,1,177
2019,David Cassidy,1,173
2019,Lou Reed,1,169
2019,Trans-X,1,164
2019,Dropkick Murphys,1,163
2019,Utah Saints,1,157
2019,Trois Cafés Gourmands,1,153
2019,Mitiko & Bon Entendeur,1,151
2019,Cevin Fisher,1,147
2019,Bryce Vine,1,146
2019,Wham!,1,144
2019,Red Hot Chili Pepper,1,141
2019,Sivuca & Bon Entendeur,1,141
2019,Dagny,1,140
2019,Imany,1,140
2019,Guts,1,139
2019,Doves,1,138
2019,Cheb Khaled,1,137
2019,Calvin Harris,2,136
2019,Declan McKenna,1,135
2019,Bebe Rexha,1,134
2019,Isabelle Pierre,1,134
2019,Kyo,1,132
2019,Blues Trottoir,1,131
2019,NFC & Bon Entendeur,1,129
2019,BLC TV,2,128
2019,Videoclub,1,128
2019,Dua Lipa,1,127
2019,Waze & Odyssey,1,127
2019,Smash Mouth,1,125
2019,Veorra,1,118
2019,Michel Polnareff,1,115
2019,Omer Adam,1,115
2019,Diana Ross,2,113
2019,Ariana Grande,2,112
2019,Booba,1,110
2019,Danny Brilliant,1,109
2019,Michel Legrand,1,105
2019,Rita Ora,1,104
2019,Daft Punk,1,103
2019,France Gall,1,99
2019,Gil Scott Heron & Moullinex & Bon Entendeur,1,96
2019,Sash!,1,93
2019,Kungs,1,92
2019,The Contours,1,91
2019,Psg,1,88
2019,Social Justice - The musical,1,88
2019,Goldfish,1,83
2019,Raki,1,82
2019,Alkalino & Bon Entendeur,1,81
2019,Dead or Alive,1,81
2019,Lou Rawls,1,80
2019,Mirwais,1,78
2019,Kany West & Lil Pump,1,77
2019,Kygo & Selena Gomez,1,77
2019,Benjamin Diamond,1,76
2019,Francoise Hardy,1,76
2019,Alan Braxe & Fred Falke,1,75
2019,Tommy Tutone,1,75
2019,Daniel Balavoine,1,74
2019,Kool & the Gang,1,74
2019,David Guetta,1,73
2019,Superfunk,1,71
2019,Vanity 6,1,70
2019,Grover Washington Jr,1,69
2019,The Prince Karma,1,68
2019,Thoma Cher & Bon Entendeur,1,68
2019,The Miracles,1,67
2019,Static,1,64
2019,Benjamin Biolay,1,59
2019,Coldplay,1,58
2019,Mr Probz,1,58
2019,Travis Scott,1,58
2019,Less than Jake,1,56
2019,Poolside,1,56
2019,Gaullin,1,55
2019,Jean Leloup,1,55
2019,The Detroit Experiment,1,53
2019,Clara Luciani,1,42
2019,The Four Tops,1,39
2019,"Faul, Wad Ad, Pnau",1,38
2019,The Who,1,31
2018,Baddiel Skinner,2,1440
2018,Dua Lipa,4,549
2018,Chicago,3,527
2018,Polo & Pan,4,455
2018,Clean Bandit,2,404
2018,Justice,3,324
2018,Eric Carmen,1,311
2018,Rita Ora,2,303
2018,Stefie Shock,2,284
2018,Hot Chocolate,1,276
2018,Demon,1,259
2018,442oons,5,244
2018,Alan Braxe & Fred Falke,2,244
2018,Amy Winehouse,3,238
2018,The Superman Lovers,1,235
2018,Robyn,2,219
2018,Joe Dassin,1,212
2018,Eric Prydz,1,202
2018,Royksopp,2,202
2018,Phantoms,1,200
2018,Tom Lehrer,3,186
2018,Calvin Harris,1,180
2018,Magic System,2,176
2018,MIKA,1,173
2018,L'Impératrice,2,168
2018,Dead or Alive,1,157
2018,DJ Mehdi,1,154
2018,Vegedream,1,153
2018,Mattafix,1,148
2018,Queen,1,145
2018,Richy Sheehy,1,145
2018,Jain,2,142
2018,Purple Disco Machine,1,138
2018,Benjamin Biolay,1,137
2018,Dimitri from Paris,1,136
2018,The Archies,1,127
2018,Kali Uchis,1,126
2018,AIR (Band),1,125
2018,Sia,1,124
2018,Madcon,1,116
2018,Vanessa Paradis,1,116
2018,Poom,1,115
2018,White Town,1,110
2018,Empire of the Sun,1,108
2018,Carl Carlton,1,102
2018,Jacques Brel,1,102
2018,Elektronomia,1,101
2018,Michael Jackson,1,101
2018,Galantis,1,99
2018,KC & The Sunshine Band,1,95
2018,The Alan Parsons Project,1,95
2018,Lifelike,1,92
2018,Luis Fonsi & Demi Lovato,1,91
2018,Armin van Buuren,1,90
2018,Vaudeville Smash,1,90
2018,Dusty Springfield,1,86
2018,Jim Yosef,1,86
2018,Tiesto,1,86
2018,Harry Belafonte,1,84
2018,Os Tincoas,1,81
2018,Childish Gambino,1,76
2018,Engelbert Humperdinck,1,75
2018,Duke Dumont,1,74
2018,The Supremes,1,74
2018,Kylie Minogue,1,72
2018,LeAnn Rimes,1,71
2018,Jessie J,1,67
2018,Alice Deejay,1,65
2018,Bobby Bloom,1,65
2018,Joe Cocker,1,65
2018,Semisonic,1,65
2018,Boy Meets Girl,1,64
2018,LEEX & Mattafix,1,64
2018,Serge Gainsbourg,1,64
2018,Squeeze,1,64
2018,Zager & Evans,1,63
2018,Alanis Morissette,1,61
2018,Parade of Lights,1,61
2018,Nina Sky,1,59
2018,Cassius,1,58
2018,Fatboy Slim,1,58
2018,Michael Franti & Spearhead,1,58
2018,Post Malone,1,56
2018,Walk the Moon,1,54
2018,Maroon 5,1,51
2018,Rolling Stones,1,51
2018,Bay City Rollers,1,49
2018,Snap!,1,48
2018,Gin Blossoms,1,47
2018,Etta James,1,45
2018,Camila Cabello,1,44
2018,Drake,1,44
2018,Wilson Pickett,1,44
2018,Fleur East,1,43
2018,Johnny Cash,1,42
2018,The Trashmen,1,41
2018,Barenaked Ladies,1,39
2018,The Isley Brothers,1,36
2018,Howie Day,1,35
2018,Shania Twain,1,29
2017,Chicago,17,2623
2017,PNL,15,1007
2017,442oons,7,578
2017,LaLa Land Cast,4,491
2017,Lifelike,3,481
2017,Kendrick Lamar,3,454
2017,Phil Collins,5,409
2017,The Chainsmokers,4,369
2017,Bee Gees,3,367
2017,Shakira,4,332
2017,Eric Prydz,1,320
2017,Saint Pepsi,3,317
2017,Drake,3,249
2017,Billy Joel,1,229
2017,Lil Dicky,5,229
2017,Blue Oyster Cult,1,202
2017,Rudolph,2,196
2017,Frankie Valli & The Four Seasons,1,176
2017,Sage the Gemini,1,172
2017,The Weeknd,2,171
2017,Selena Gomez,1,156
2017,Vince Dicola,1,153
2017,Hanson,1,129
2017,Charlie Puth,1,128
2017,Peter Gabriel,1,127
2017,Sean Paul,2,124
2017,Gigamesh,1,121
2017,Full House,1,119
2017,Richard Wagner,1,116
2017,The Jackson 5,2,114
2017,Elton John,1,109
2017,The Baseballs,1,108
2017,Tiesto,1,108
2017,Chuck Berry,1,107
2017,Ariana Grande,1,105
2017,Donna Summer,1,103
2017,Ricky Martin,1,103
2017,Stromae,1,102
2017,Caravan Palace,1,98
2017,Various Artists,1,95
2017,Mr President,1,92
2017,Damso,2,91
2017,Tame Impala,1,89
2017,Rod Stewart,1,88
2017,Shawn Mendes,1,87
2017,Kool & the Gang,1,86
2017,D12,1,85
2017,Eminem,1,85
2017,Deorro,1,83
2017,Kendji Girac,1,83
2017,Djeko & Torres,1,81
2017,College,1,79
2017,Kavinsky,1,79
2017,Technotronic,1,79
2017,Indila,1,76
2017,Ween,1,76
2017,Akon,1,74
2017,Bag Raiders,1,69
2017,Pitbull,1,69
2017,The Animals,1,69
2017,Capital Cities,1,64
2017,Jay-Z,1,64
2017,Plastic Bertrand,1,64
2017,Aminé,1,63
2017,Macklemore,1,63
2017,Jean Leloup,1,62
2017,Coldplay,1,61
2017,Desire,1,60
2017,Hovey Benjamin,1,60
2017,Texas,1,60
2017,Duke Ellington,1,59
2017,Luis Fonsi,1,59
2017,AronChupa,1,58
2017,Gipsy Kings,1,58
2017,Umberto Tozzi,1,52
2017,Calvin Harris,1,51
2017,Mike Stud,1,50
2017,Desiigner,1,49
2017,Eric Carmen,1,48
2017,Backstreet Boys,1,47
2017,FKJ,1,47
2017,J.I.D,1,47
2017,"Tyler, The Creator",1,47
2017,Lamborghini,1,46
2017,The Kinks,1,45
2017,94Proof,1,44
2017,Travis Scott,1,44
2017,DJ Khaled,1,43
2017,The Coasters,1,41
2017,Fleetwood Mac,1,38
2017,Gala,1,38
2017,50 Cent,1,37
2017,Opus,1,36
2017,Childish Gambino,1,34
2017,Dobie Gray,1,33
2017,ACDC,1,31
2017,Tiron,1,31
2016,ABBA,7,763
2016,Beach Boys,4,661
2016,Modern Talking,7,615
2016,Supertramp,3,526
2016,Simon,4,372
2016,Johnny Cash,3,348
2016,George Brassens,6,306
2016,Jacques Brel,4,222
2016,The Cyrkle,1,221
2016,Coldplay,3,218
2016,Iam Groupe,1,217
2016,Image (Band),1,211
2016,Tame Impala,2,206
2016,Journey,4,200
2016,Odezenne,4,200
2016,La Compagnie Creole,1,195
2016,Cheb Khaled,1,193
2016,Hall & Oates,3,193
2016,Renaud,3,172
2016,Michel Sardou,2,170
2016,Justice,2,168
2016,Michael Bublé,1,168
2016,Joe Dassin,3,164
2016,Stromae,2,160
2016,J-Five,1,159
2016,Jean Ferrat,3,147
2016,Serge Gainsbourg,3,147
2016,Benjamin Belllman,3,143
2016,Manu Chao,1,141
2016,La Rue Ketanou,3,131
2016,Pass The 40,1,130
2016,Pitbull,1,128
2016,Take That,1,124
2016,Rucka Rucka Ali,1,122
2016,Daft Punk,3,120
2016,Francoise Hardy,2,117
2016,Jefferson Airplane,2,111
2016,Eric Prydz,1,110
2016,Dusty Kid,3,109
2016,Gnarls Barkley,3,109
2016,Tryo,3,109
2016,Charles Aznavour,3,108
2016,Dj Snake,2,108
2016,A1st,1,106
2016,Dalida y Alain Delon,1,104
2016,David Bowie,2,104
2016,Harry Nillson,1,102
2016,Alain Bashung,1,100
2016,Neil Young,1,100
2016,The Prodigy,1,97
2016,Florent Pagny,1,96
2016,Daddy Yankee,1,95
2016,Weird Al Yankovich,1,95
2016,Alanis Morissette,1,88
2016,Nicky Jam,1,88
2016,Boney M.,1,83
2016,Barry Manilow,1,78
2016,Blink-182,1,78
2016,Creedence Clearwater Revival,1,78
2016,Eminem,2,78
2016,Orishas,1,78
2016,Sonny & Cher,1,78
2016,Vengaboys,1,78
2016,TSR Crew,1,77
2016,Soklak,3,75
2016,ATC,1,73
2016,Nicola Cruz,1,73
2016,The Calling,1,73
2016,Men Without Hats,1,72
2016,Brigitte Bardot,2,69
2016,Michel Delpech,1,69
2016,Will Smith,1,67
2016,Gramatik,3,66
2016,John Mayer,1,65
2016,Stealers Wheel,1,65
2016,50 cent & Benny Bennassi,1,64
2016,Sharon Brown,1,64
2016,Giorgio Moroder,1,63
2016,Mickey 3D,1,61
2016,Alizée,1,60
2016,James,1,59
2016,Sidney Bechet,1,59
2016,Toto,1,58
2016,Daniel Balavoine,1,55
2016,Julio Iglesias,1,55
2016,Sting,1,55
2016,BBC Music,1,53
2016,Superbus,1,53
2016,Jean Jacques Goldman,1,51
2016,Noel Harrison,1,50
2016,Iggy Pop,1,49
2016,Urge Overkill,1,49
2016,Van McCoy,1,49
2016,Black Eyed Peas,1,48
2016,Rodrigo Amarante,2,46
2016,DNCE,1,44
2016,Rolling Stones,1,44
2016,Bonnie Tyler,1,43
2016,Hocus Pocus,1,43
2016,John Frusciante,3,43
2016,Psychemagik,1,43
2016,Big Baby D.R.A.M,1,42
2016,Kaytranada,1,42
2016,Chris Manias & Daft Punk,1,41
2016,Leonard Cohen,1,41
2016,Maxime Le Forestier,1,40
2016,Mike Posner,1,40
2016,The Cranberries,2,39
2016,Napkey & Bon Entendeur,1,38
2016,Allure,1,37
2016,Kartell,1,35
2016,Disney,1,34
2016,Gilbert Bécaud,1,34
2016,Nino Ferrer,1,34
2016,Richard Harris,1,34
2016,Kero One,1,33
2016,I-Cube,1,32
2016,Suken,1,32
2016,Sylvie Vartan,1,32
2016,Dschinghis Khan,1,31
2016,Elijah Blake,1,31
2016,Le Maitre,1,31
2016,Ray Charles,1,31
2016,KC & The Sunshine Band,1,30
2016,The Offspring,1,30
2016,Worakis,1,29
2016,Jacques Dutron,1,28
2016,Parov Stelar,1,28
2016,4t thieves,1,27
2016,Fakear,1,27
2016,Francis Cabrel,1,27
2016,Charles Trenet,1,26
2016,Ed Sheeran,1,26
2016,France Gall,1,26
2016,Nassau,1,26
2016,Yannick Noah,1,25
2016,Jean-Louis Aubert,1,24
2016,Olivia Ruiz,1,24
2016,Supreme NTM,1,24
2016,Eddie Vedder,1,23
2016,Antoine Mahe,1,22
2016,Edith Piaf,1,19
2016,Gipsy Kings,1,19
2016,Cirque du Soleil,1,18
2016,Hozier,1,18
2016,Scarface,1,18
2016,Ton Song,1,18
2016,Tong Song,1,18
2016,Cesaria Evora,1,17
2016,Guizmo,1,17
2016,Serge Reggiani,1,17
2016,The Bug,1,17
2016,X Ambassadors,1,17
2016,Madcon,1,15
2016,Sniper,1,15
2016,Twenty One Pilots,1,14
2016,Hagalaz Runedance,1,13
2016,Barbara,1,12
2015,Coldplay,15,1175
2015,Renaud,11,760
2015,Synapson,10,382
2015,Supertramp,2,353
2015,Disney,6,240
2015,Joe Dassin,4,230
2015,Serge Gainsbourg,5,211
2015,MIKA,2,195
2015,Avicii,2,184
2015,Boney M.,2,166
2015,Gigamesh,1,159
2015,Benny Benassi,4,152
2015,Gipsy Kings,2,151
2015,Jacques Brel,3,149
2015,OutKast,1,139
2015,The Cure,4,131
2015,Onra,2,125
2015,RUdolph,3,125
2015,Justice,4,124
2015,Winnie the Pooh,1,124
2015,Bénabar,2,121
2015,Wolfgang Gartner,3,116
2015,Gesaffelstein,7,115
2015,Imagine Dragons,1,115
2015,Nightriders,1,113
2015,Daft Punk,1,111
2015,Watsky,2,108
2015,Adam K,1,107
2015,Gabrielle,1,107
2015,Terry Jacks,1,103
2015,Global Deejays,2,102
2015,The Killers,2,102
2015,Charles Trenet,1,93
2015,Gorillaz,2,93
2015,The Swiss,1,91
2015,Towkio,1,91
2015,Hall & Oates,2,89
2015,Tryo,3,89
2015,Armin van Buuren,1,88
2015,Daze,1,85
2015,The Crusaders & Synapson,1,83
2015,Pharrell Williams,2,80
2015,Frankie Valli & The Four Seasons,2,78
2015,Phil Collins,2,77
2015,Francis Cabrel,2,75
2015,Nicky Romero,1,75
2015,Pink Floyd,5,74
2015,OneRepublic,1,73
2015,Simon,1,72
2015,Beach Boys,2,70
2015,Chromeo,2,69
2015,Unknown,3,68
2015,Disclosure,2,66
2015,Boston,1,65
2015,Etienne de Crecy,1,65
2015,Huey Lewis & The News,1,65
2015,Daniel Guichard,1,64
2015,Mase,1,64
2015,Mister Gavin,1,63
2015,Jean Ferrat,1,62
2015,KC & The Sunshine Band,2,62
2015,Ludacris,1,62
2015,Images,1,61
2015,Mr. Oizo,1,60
2015,Mumford & Sons,1,60
2015,Action Bronson,1,59
2015,Rolling Stones,1,59
2015,Vance Joy,1,59
2015,De Palmas,1,58
2015,The Tokens,1,57
2015,Cartoon Network,2,56
2015,Maurice Chevalier,1,56
2015,Sinik,2,56
2015,Blue Swede,1,55
2015,The Beatles,1,55
2015,Luke & Jimmy,1,54
2015,Eddie Murphy,1,53
2015,George Brassens,1,53
2015,Makano,1,53
2015,Billy Joel,2,52
2015,Cookie Dingler,1,51
2015,East Germany,1,51
2015,Tez Cadey,1,51
2015,Bloody Beetroots,1,50
2015,Elvis Crespo,1,50
2015,Rae Sremmurd,3,50
2015,Steve Aoki,1,50
2015,Rammstein,1,49
2015,Sabrina,1,49
2015,The Doors,1,49
2015,Action Branson,1,48
2015,Andy Grammer,1,48
2015,ParttyNextDoor,1,48
2015,The Virgins,1,48
2015,Blues Brothers,1,47
2015,Indeep,1,47
2015,Marc Anthony,1,47
2015,Nick Jonas,1,47
2015,Borgore,2,46
2015,Manau,1,46
2015,Modek,1,46
2015,Paul Hardcastle,1,46
2015,The Vapors,1,46
2015,Usher,1,46
2015,Mamas,1,45
2015,The Bloody Beetroots,2,45
2015,The Dead Kennedys,1,45
2015,The Jackson 5,1,45
2015,Drake,2,44
2015,Fritz Kalkbrenner,1,44
2015,Immortal Technique,2,44
2015,Infant Sorrow,1,44
2015,Fleetwood Mac,1,43
2015,Sub Focus,1,43
2015,Super Audio Time,1,43
2015,U2,2,43
2015,Calogero,1,42
2015,Charles Aznavour,1,42
2015,John Mayer,1,42
2015,Major Lazer,1,42
2015,Rucka Rucka Ali,2,42
2015,Cazzette,1,41
2015,Divinyls,1,41
2015,Psychemagik,2,41
2015,RL Grime & What So Not,1,41
2015,Sam Gellaitry,1,41
2015,Cheb Khaled,1,40
2015,Claude François,1,40
2015,Collegehumor,2,40
2015,Josh Money,1,40
2015,La Compagnie Creole,1,40
2015,Dynamique,1,39
2015,Neosignal,1,39
2015,The Chainsmokers,1,39
2015,Bonga & Synapson,1,38
2015,Donavans,1,38
2015,Laurent Voulzy,1,38
2015,Lionel Hampton,1,38
2015,Moodyman,1,38
2015,Rockwell,1,38
2015,Yannick,1,38
2015,Degiheugi,1,37
2015,Durante,1,37
2015,France Gall,1,37
2015,JackLNDN,1,37
2015,Van Morrison,1,37
2015,Amersy,1,36
2015,Culture Club,1,36
2015,Eddy Mitchell,1,36
2015,Gotan Project,1,36
2015,Kiss,1,36
2015,Bananarama,1,35
2015,Fedde Le Grand,1,35
2015,Katy Perry,1,35
2015,MaM,2,35
2015,Theo Rouhette,2,35
2015,Alesso,1,34
2015,BeatauCue,1,34
2015,Epic Rap Battles of History,3,34
2015,Julieta Venegas,1,34
2015,Pierre Perret,1,34
2015,Juanes,1,33
2015,Randy Newman,1,33
2015,Seinabo Sey,1,33
2015,The Fielders,1,33
2015,AlunaGeorge,1,32
2015,Boris Vian,1,32
2015,Dropkick Murphys,1,32
2015,Jacques Dutron,1,32
2015,Natalie Cardone,1,32
2015,Nu (band),1,32
2015,Led Zeppelin,2,31
2015,Rhett,1,31
2015,The Monkees,1,31
2015,Jose Feliciano,1,30
2015,Sergio Mendes,1,30
2015,Teddybears,1,30
2015,The Beach Boys,1,30
2015,Tove Lo,1,30
2015,Chemical Brothers & Daft Punk,1,29
2015,Journey,1,29
2015,KONGOS,1,29
2015,Queen,1,29
2015,The Police,2,29
2015,Eiffel 65,1,28
2015,Fetty Wap,2,28
2015,Jaden Chase,1,28
2015,Johnny Cash,1,28
2015,Juliet Fox,1,28
2015,Odezenne,1,28
2015,Steppenwolf,1,28
2015,Bill Withers,1,27
2015,Chance The Rapper,1,27
2015,Coldplay/Rogue,1,27
2015,Jacques Chirac,1,27
2015,Lou Reed,1,27
2015,Madness,1,27
2015,Franz Ferdinand & Daft Punk,1,26
2015,G-Eazy,1,26
2015,Kool & the Gang,1,26
2015,Mungo Jerry,1,26
2015,Steve Miller Band,1,26
2015,Telephone,1,26
2015,Disiz,1,25
2015,Gucci Mane,1,25
2015,Mc Solaar,1,25
2015,Nena,1,25
2015,Ricchi e poveri - testo,1,25
2015,Donavan,1,24
2015,Falco,1,24
2015,Kylie Minogue,1,24
2015,Migos,1,24
2015,T-Pain,1,24
2015,WKND,1,24
2015,lobsterdust,1,24
2015,Cut Killer,1,23
2015,Ludovico Einaudi,1,23
2015,Isabelle Pierre,1,22
2015,Kevin Gates,1,22
2015,The Weeknd,1,22
2015,Aqua,1,21
2015,Bill Haley,1,21
2015,Gorgon City,1,21
2015,Jet,1,21
2015,John Travolta,1,21
2015,Parliament,1,21
2015,Ruper Holmes,1,21
2015,Stevie Wonder,2,21
2015,Zazie et Axel Bauer,1,21
2015,K Camp,1,20
2015,Lesley Gore,1,20
2015,Mark Ronson,1,20
2015,Yves Duteil,1,20
2015,Léo Ferré,1,19
2015,Roy Orbison,1,19
2015,Scott McKensie,1,19
2015,Talk Talk,1,19
2015,Taylor Swift,1,19
2015,Wax,1,19
2015,Father,1,18
2015,Foster the people,1,18
2015,Joywave,1,18
2015,Marvin Gaye,1,18
2015,Chris Brown,1,17
2015,Das Tapes,1,17
2015,Ed Sheeran,1,17
2015,Nino Ferrer,1,17
2015,JAY Z,1,16
2015,Knife Party,1,16
2015,Ram Jam,1,16
2015,AfX,1,15
2015,Dillon Francis & DJ Snake,1,15
2015,Lil Wayne,1,15
2015,Martin Garrix,1,15
2015,Mr Oizo,1,15
2015,Mylene Farmer,1,15
2015,Ray Charles,1,15
2015,The Kinks,1,15
2015,Los Del Rio,1,14
2015,Raphael,1,14
2015,AC/DC,1,13
2015,Awolnation,1,13
2015,Darude,1,13
2015,Pilot,1,13
2015,Stromae,1,13
2015,The Lonely Island,1,13
2015,The Verve,1,13
2015,Zazie,1,13
2015,Carl Douglas,1,12
2015,Janis Joplin,1,12
2015,La Rue Ketanou,1,12
2015,Creedence Clearwater Revival,1,11
2015,Flo Rida,1,11
2015,Ghostbusters,1,11
2015,Infected Mushroom,1,11
2015,Jimi Hendrix,1,11
2015,Maroon 5,1,11
2015,Red Hot Chili Pepper ( Gamper,1,11
2015,Skippa da Flippa,1,11
2015,The Temptations,1,11
2015,Your Favorite Martian,1,11
2015,Deep Purple,1,10
2015,Don McLean,1,10
2015,Phill Collins,1,10
2015,Team America,1,10
2015,Actress,1,9
2015,Kansas,1,9
2015,Chic (Band),1,8
2015,Oivia Newton John,1,7
2015,White Stripes,1,6
2015,Chet Baker,1,5
2015,The Guess Who,1,2
2014,Daft Punk,28,1393
2014,Benjamin Bellman,33,503
2014,Chromeo,6,209
2014,Lana Del Rey,4,156
2014,Flume,4,152
2014,Two Door Cinema Club,2,120
2014,SebastiAn Ingrosso,2,117
2014,Mr. Oizo,3,113
2014,Bakermat,4,112
2014,Axwell,3,106
2014,Cherokee,4,106
2014,Watermät,1,105
2014,Le Nonsense,2,102
2014,Steve Reich,1,102
2014,Claptone,1,101
2014,Kygo,2,99
2014,David Guetta,2,98
2014,Hardwell,2,97
2014,Epic Rap Battles of History,3,93
2014,Duck Sauce,3,90
2014,Imagine Dragons,3,89
2014,Darius,3,88
2014,Aaron Smith,1,85
2014,Gilbert Montagne,1,82
2014,Kanye West,2,82
2014,Benjamin Belllman,2,80
2014,Calvin Harris,2,80
2014,Serge Gainsbourg,3,78
2014,Empire of the Sun,1,75
2014,IAn Pooley & Daft Punk,1,73
2014,Scissor Sisters,1,71
2014,Kartell,3,70
2014,The Piano Guys,1,70
2014,Krewella,1,64
2014,Macklemore,2,62
2014,T.I,1,59
2014,Jill Scott,1,58
2014,Las Ketchup,1,58
2014,Pink Floyd,1,58
2014,Sky Bachi,1,57
2014,Nelly,1,56
2014,Mickael Miro,1,55
2014,The Cardigans,1,55
2014,Brice De Nice,1,54
2014,MIKA,1,54
2014,deadmau5,1,54
2014,Neil Diamond,1,53
2014,Avicii,1,52
2014,Azealia Banks,1,52
2014,T-Pain,1,52
2014,Tony Igy,1,52
2014,Baby Bash,1,50
2014,Ourvais,1,50
2014,Solomun,2,50
2014,Counting Crows,1,49
2014,James Brown Spiderman 3,1,49
2014,Nicky Romero,1,49
2014,Lykke Li,1,48
2014,Black (Artist),1,47
2014,Mozart,4,46
2014,Roch Voisine,2,46
2014,The Garifuna Collective & Synapson,1,46
2014,Charli XCX,1,45
2014,Ok Go,1,45
2014,Sam Feldt,1,45
2014,Starship,1,45
2014,Toto,1,45
2014,Beethoven,3,44
2014,Lilly Wood,1,43
2014,Michael Jackson,2,42
2014,Shelco Garcia,1,42
2014,Ice Cube,2,41
2014,Men at Work,1,41
2014,Fatboy Slim,1,40
2014,Tal Bachman,1,39
2014,Ellie Semoun,1,38
2014,ABBA,1,37
2014,Hadyn,3,37
2014,Imagination,1,37
2014,Synapson,2,37
2014,Bada-Bing,1,36
2014,Junior Senior,1,36
2014,Justin Timberlake,2,36
2014,The Champs,1,36
2014,DIMMI,1,35
2014,Panic City,1,35
2014,Tube & Berger,1,35
2014,Wang Chung,1,35
2014,Sheryl Crow,1,34
2014,The Fugees,1,34
2014,Ace of Base,1,33
2014,Cascada,1,33
2014,Le Maitre,1,33
2014,Modjo,1,33
2014,Tiesto,1,33
2014,Romeo et Juliette,1,32
2014,Stereoclip,2,32
2014,Victor Deme & Synapson,1,32
2014,Will Smith,1,32
2014,Laura Branigan,1,31
2014,Louis La Roche,2,31
2014,Poom,1,31
2014,Elvis Presley,1,30
2014,M83,1,30
2014,Pharrell Williams,1,30
2014,Diplo,2,29
2014,MEM,1,29
2014,Mike Posner,1,29
2014,St Lucia,1,29
2014,The Game,1,29
2014,Enrique Iglesias,1,28
2014,Rascal Flats,1,28
2014,Disclosure,2,27
2014,Jewelz,1,27
2014,The Notorious B.I.G.,3,27
2014,Amerie,1,26
2014,Beverlay,1,26
2014,FKJ,1,26
2014,Mr Oizo,1,26
2014,Oliver Heldens,1,26
2014,American Dad Cast,1,25
2014,Boney M.,1,25
2014,Heart,1,25
2014,Train,1,24
2014,Hot Chocolate,1,23
2014,Wax Tailor,1,23
2014,Kat Deluna,1,22
2014,Showtek,1,22
2014,Alpharock,1,21
2014,Dwntwn,1,21
2014,Max Manie,1,21
2014,Ratatat,1,21
2014,Billy Joel,1,20
2014,Gesaffelstein,1,20
2014,Major Lazer,1,20
2014,Sage the Gemini,1,20
2014,UB40,1,20
2014,Phoenix,1,19
2014,SebastiAn,1,19
2014,Cro,1,18
2014,Sugar Hill,1,18
2014,Yacht,1,18
2014,CBMN,1,17
2014,Jason Derulo,1,17
2014,Milky Chance,1,17
2014,Tube,1,17
2014,Barney Stinson,1,16
2014,Chet Faker,1,16
2014,John Newman,1,16
2014,Ten Walls,1,16
2014,The Sweet,1,16
2014,Tom Jones,1,16
2014,Bruno Mars,1,15
2014,Cassius,1,15
2014,DVBBS & Borgeous,1,15
2014,Ed Sheeran,1,15
2014,Madonna,1,15
2014,Naxxos,1,15
2014,Britney Spears,1,14
2014,Brodinsky,1,14
2014,France Gall,1,14
2014,Gary Jules,1,14
2014,Rone,1,14
2014,Gigamesh,1,13
2014,Kid Simius,1,13
2014,Dada Life,1,12
2014,Flako,1,12
2014,JJ,1,12
2014,Steve Aoki,1,12
2014,The Doors,1,11
2014,Nancy Sinatra,1,10
2014,Marvin Gaye,1,9
2014,Tan Dun,1,9
2014,Bingo Players,1,8
2014,Daddy Yankee,1,8
2014,Felix Jaehn,1,7
2014,Dusty Kid,1,6
2014,Arnold Schoenberg,1,4
2014,Arvo Part,1,3
2013,Daft Punk,28,1056
2013,Rucka Rucka Ali,23,504
2013,Gigamesh,4,455
2013,David Guetta,13,399
2013,Madonna,13,341
2013,Pink Floyd,16,309
2013,The Beatles,10,279
2013,Pakito,4,244
2013,MIKA,5,199
2013,Parov Stelar,4,198
2013,Queen,6,185
2013,CASCADA,4,177
2013,Calogero,3,171
2013,The Glitch Mob,4,168
2013,Beach Boys,3,167
2013,Renaud,4,165
2013,Coldplay,5,158
2013,Odezenne,3,153
2013,Renan Luce,2,145
2013,Calvin Harris,4,140
2013,Maroon 5,4,130
2013,Biggie,2,126
2013,Black Eyed Peas,6,124
2013,Bakermat,2,123
2013,Green Day,4,122
2013,Your Favorite Martian,9,122
2013,Birdy Nam Nam,2,119
2013,Daniel Balavoine,2,118
2013,"""Weird Al"" Yankovic",7,117
2013,Dada Life,5,117
2013,Aerosmith,4,115
2013,Kanye West,5,112
2013,Avicii,2,105
2013,Breaking Benjamin,7,103
2013,Victoria Duffield,1,103
2013,Train,2,101
2013,Britney Spears,5,100
2013,KDD,1,100
2013,Rihanna,4,98
2013,Chris Webby,4,97
2013,Alain Souchon,3,95
2013,"Claude François, G. Thibault, J. Revaux & Paul Anka",3,94
2013,No Doubt,2,94
2013,Bénabar,3,91
2013,Indochine,3,91
2013,Kaolin,1,88
2013,SebastiAn,3,87
2013,Hellogoodbye,1,86
2013,Placebo,4,86
2013,Rohff,3,86
2013,Asaf Avidan,1,85
2013,Diam's,6,85
2013,Pitbull,4,84
2013,Eminem,4,83
2013,Lorie,3,82
2013,Manu Chao,3,82
2013,Scorpions,3,82
2013,Swedish House Mafia,3,82
2013,Fool's Garden,1,80
2013,Ke$ha,3,80
2013,Michael Jackson,4,80
2013,Noir Desir,2,78
2013,The Four Tops,1,78
2013,A.Dd+,1,77
2013,Basshunter,2,77
2013,Jean-Jacques Goldman,2,77
2013,Empire of the Sun,1,76
2013,Gwen Stefani,3,75
2013,OneRepublic,3,75
2013,Simple Plan,5,75
2013,C2C,3,74
2013,Iam Groupe,1,73
2013,Depeche Mode,3,71
2013,Jim Carrey,1,71
2013,KT Tunstall,2,71
2013,Fatal Bazooka,4,70
2013,Linkin Park,3,70
2013,Will Smith,3,70
2013,Ricky Martin,2,69
2013,Timbaland,3,69
2013,Toto,1,69
2013,Justice,5,67
2013,Bob Marley,3,66
2013,Cali,2,66
2013,Global Deejays,1,66
2013,The Police,3,66
2013,Wallpaper.,1,66
2013,Jean-Louis Aubert,1,64
2013,R.E.M.,2,64
2013,Benny Benassi,3,63
2013,Fall Out Boy,6,63
2013,Danger,1,62
2013,Les Rita Mitsouko,2,61
2013,Marc Lavoine,2,61
2013,Muse,3,61
2013,The Offspring,1,61
2013,Noir Désir,1,60
2013,Francis Cabrel,2,59
2013,Busted,2,57
2013,Cee Lo Green,2,57
2013,Epic Rap Battles of History,5,57
2013,Naturi Naughton,1,57
2013,MGMT,2,56
2013,The Monroes,1,56
2013,Lady GaGa,2,55
2013,Breakbot,1,54
2013,Pierre Henry,1,54
2013,Skrillex,2,54
2013,Jim Croce,1,53
2013,Nelly Furtado,5,53
2013,Boney M.,1,52
2013,Henri Dès,2,52
2013,Sinsémilia,1,52
2013,V.H.,1,52
2013,Bruno Mars,2,51
2013,Imagine Dragons,1,51
2013,ABBA,1,50
2013,Katy Perry,3,50
2013,Miossec,1,50
2013,America,1,49
2013,Europe,1,48
2013,Mika,1,48
2013,Mike Oldfield,1,48
2013,Jenifer,1,47
2013,Alexandra Stan,1,46
2013,Billy Idol,1,46
2013,Chris Brown,2,46
2013,James Blunt,3,46
2013,Keane,2,46
2013,Nice Peter,5,46
2013,The Human League,1,46
2013,Avenged Sevenfold,2,45
2013,Grégoire,2,45
2013,Jordin Sparks & Chris Brown,1,45
2013,Matt & Kim,1,45
2013,50 Cent,4,44
2013,Edwyn Collins,1,44
2013,Kajagoogoo,1,44
2013,Mike Candys,1,44
2013,Phoenix,1,44
2013,Cheb Mami & Sting,1,43
2013,Jennifer Paige,1,43
2013,Junkie XL,1,43
2013,Metallica,4,43
2013,Orchestral Manoeuvres In the Dark,1,43
2013,Raphaël,1,43
2013,Starsailor,1,43
2013,Deadmau5,3,42
2013,Infant Sorrow,2,42
2013,Korn,1,42
2013,Mondotek,1,42
2013,Nickelback,1,42
2013,Olivia Ruiz,2,42
2013,Ozzy Osbourne,1,42
2013,Radio Killer,1,42
2013,The Weather Girls,1,42
2013,Keedz,1,41
2013,Lupe Fiasco,1,41
2013,Martin Solveig,2,41
2013,Santana,1,41
2013,The All-American Rejects,1,41
2013,Whitney Wolanin,1,41
2013,Bloodhound Gang,1,40
2013,European,2,40
2013,HBK GANG,1,40
2013,Harry Chapin,1,40
2013,Jimmy Buffett,1,40
2013,Ludacris,2,40
2013,Gary Glitter,1,39
2013,Klingande,1,39
2013,Moullinex,1,39
2013,Sixpence None the Richer,1,39
2013,Laurent Voulzy,2,38
2013,Aterciopelados,1,37
2013,David Tavaré,1,37
2013,Hoobastank,1,37
2013,O.A.R.,1,37
2013,Raphael,1,37
2013,René La Taupe,1,37
2013,Sexion d'Assaut,2,37
2013,Sheryl Crow,2,37
2013,Sinik,2,37
2013,Alphaville,1,36
2013,Buggles,1,36
2013,Madcon,1,36
2013,Rammstein,1,36
2013,Amel Bent,1,35
2013,Chamillionaire,2,35
2013,David Guetta featuring JD Davis,2,35
2013,Gorillaz,3,35
2013,La Plage,1,35
2013,Point Blank,1,35
2013,Zedd,1,35
2013,Avril Lavigne,1,34
2013,BeatFreakz,1,34
2013,DJ Sammy & Yanou featuring Do,1,34
2013,Harold Faltermeyer,1,34
2013,Madeon,1,34
2013,Talking Heads,1,34
2013,Teletoon,1,34
2013,B.o.B,1,33
2013,Faudel,1,33
2013,Ratatat,1,33
2013,Akon,1,32
2013,Louise Attaque,1,32
2013,Martin Garrix,1,32
2013,Panic At the Disco,1,32
2013,Tracy Chapman,1,32
2013,Jean Jacques Goldman,1,31
2013,Jennifer Lopez,1,31
2013,Kelly Clarkson,1,31
2013,Mel Brooks,2,31
2013,Peter Paul,1,31
2013,Sean Kingston,2,31
2013,Shakira,1,31
2013,Stereo MC's,1,31
2013,Bee Gees,1,30
2013,Estelle,1,30
2013,Fleetwood Mac,1,30
2013,Helmut Fritz,2,30
2013,Jim Brickman,1,30
2013,K-Maro,1,30
2013,Keen V,1,30
2013,Lily Allen,1,30
2013,Los Adolescantes,1,30
2013,Star Boys,1,30
2013,A$AP Rocky,1,29
2013,Era,2,29
2013,He-Man,1,29
2013,Inna Modja,1,29
2013,Klangkarussell,1,29
2013,M(Chanteur),1,29
2013,Stardust,1,29
2013,Wynter Gordon,1,29
2013,Arnaud Fleurent-Didier,1,28
2013,Busta Rhymes,1,28
2013,Chris Isaak,1,28
2013,Dr. Dre,1,28
2013,Florent Pagny,2,28
2013,Guru Josh Project,1,28
2013,Hampton The Hamster,1,28
2013,Mr. C,1,28
2013,Peter Cincotti,1,28
2013,Zazie,1,28
2013,BJ Thomas,1,27
2013,Bullet for My Valentine,3,27
2013,DJ Antoine,1,27
2013,David Lee Roth,1,27
2013,Drake Bell,1,27
2013,Eurythmics,1,27
2013,Icona Pop,1,27
2013,Pharrell,2,27
2013,Red Hot Chili Pepper,1,27
2013,Shanna,1,27
2013,AC/dB,2,26
2013,Chromatics,1,26
2013,"Earth, Wind & Fire",1,26
2013,Goo Goo Dolls,1,26
2013,Justin Timberlake,2,26
2013,Nickelodeon,1,26
2013,The Tee Set,1,26
2013,Wax Tailor,1,26
2013,Bon Jovi,1,25
2013,F.R. David,1,25
2013,Lil Wayne,2,25
2013,M.Pokora,1,25
2013,Pleasurekraft,1,25
2013,Telephone,1,25
2013,Umberto Tozzi,1,25
2013,Young Jeezy,1,25
2013,80s,1,24
2013,Bob sinclar & Rafaella Carra,1,24
2013,Bryan Adams,1,24
2013,Cardigans,1,24
2013,Cypress Hill,1,24
2013,Danzel,1,24
2013,Die Atzen,1,24
2013,Günther,1,24
2013,Kavinsky,1,24
2013,Robin Thicke,1,24
2013,The Lonely Island,2,24
2013,Asa,1,23
2013,Axelle Red & Renaud,1,23
2013,Backstreet Boys,1,23
2013,Beau-J & Furia,1,23
2013,Chuck Berry,1,23
2013,Dickie Goodman,1,23
2013,Hoku,1,23
2013,Iron Maiden,1,23
2013,Jack Johnson,1,23
2013,James Brown,1,23
2013,Johnny Cash,1,23
2013,M. Pokora,1,23
2013,Mickey 3D,1,23
2013,Mr Flash,1,23
2013,Tacabro,1,23
2013,Axel Bauer,1,22
2013,BB Brunes,1,22
2013,Christophe Maé,1,22
2013,Christophe Willem,1,22
2013,Creed,1,22
2013,Destiny's Child,1,22
2013,Dido,2,22
2013,Joan Jett & The Blackhearts,1,22
2013,Kevin Rudolf & Lil Wayne,1,22
2013,Lene Marlin,1,22
2013,Plain White T's,1,22
2013,After The Fire,1,21
2013,Ashlee Simpson,1,21
2013,Darude/Ville Virtanen,1,21
2013,Duck Sauce,1,21
2013,Fun (Band),1,21
2013,Jay-Z,1,21
2013,Kool & the Gang,1,21
2013,M83,1,21
2013,Marilyn Manson,1,21
2013,Orson,1,21
2013,Paula Abdul,1,21
2013,Rap Beats,1,21
2013,Tarik NuClothes,1,21
2013,Texas,1,21
2013,Devin & Solange & Foxxy Cleopatra,1,20
2013,Jonas Brothers,1,20
2013,"Lipps, Inc.",1,20
2013,Mickey Avalon,1,20
2013,Molecule,1,20
2013,The Republic Tigers,1,20
2013,Weird Al Yankovich,1,20
2013,ADELE,1,19
2013,Andy Grammer,1,19
2013,Bananarama,1,19
2013,Edith Piaf,2,19
2013,French Ball,1,19
2013,Macklemore,1,19
2013,Roger Miller,1,19
2013,Rolling Stones,1,19
2013,The Fray,1,19
2013,Cobra Starship,1,18
2013,Drake,1,18
2013,Duran Duran,1,18
2013,Grant Smilie,1,18
2013,Guns N' Roses,1,18
2013,Gym Class Heroes featuring Patrick Stump,1,18
2013,Hugues Aufray,1,18
2013,KAMINI,1,18
2013,Les Ultras-Boys,1,18
2013,Mac Tyer,2,18
2013,Offenbach,1,18
2013,Snoop Dogg,1,18
2013,Yeah Yeah Yeahs,1,18
2013,Boom Box,1,17
2013,Chumbawamba,1,17
2013,DJ BOBO,1,17
2013,Disclosure,1,17
2013,Eric Cartman,1,17
2013,Jason Derülo,1,17
2013,Kendrick Lamar,1,17
2013,MIdnight Runners,1,17
2013,Revenge,1,17
2013,Robbie Williams,1,17
2013,30 Seconds To Mars,1,16
2013,Bob Dylan,1,16
2013,Eagle-Eye Cherry,1,16
2013,INXS,1,16
2013,Jack Beats,1,16
2013,Say When,1,16
2013,Bob Sinclar,1,15
2013,Finger,1,15
2013,Kamini,1,15
2013,Magic System,1,15
2013,Michael Sembello,1,15
2013,Nirvana,2,15
2013,Party Harders & The Subs,1,15
2013,Sick On the Bus,1,15
2013,Starsound Orchestra,1,15
2013,The Jacksons,1,15
2013,The Wanted,1,15
2013,Trey Songz,1,15
2013,Ylvis,1,15
2013,DJ Earthworm,1,14
2013,Five for Fighting,1,14
2013,Jay Z,1,14
2013,Joan Jett,1,14
2013,Joe Blow,1,14
2013,Lenny Kravitz,1,14
2013,Maurice Chevalier,1,14
2013,Men at Work,1,14
2013,Micky Green,1,14
2013,Ming Tea,1,14
2013,My Chemical Romance,1,14
2013,Pink Martini,1,14
2013,Rhett,1,14
2013,Sound System,1,14
2013,Stromae,1,14
2013,"Christina Aguilera, Lil'Kim, Mya & P!nk",1,13
2013,Counting Crows,1,13
2013,Donavan,1,13
2013,Elvis Presley,1,13
2013,Hilary Duff,1,13
2013,Inna,1,13
2013,Kid Rock,1,13
2013,Knife Party,1,13
2013,Kraftwerk,1,13
2013,Nathan Lane & Matthew Broderick,1,13
2013,Omar et Fred,1,13
2013,Plain White Ts,1,13
2013,Shy'm,1,13
2013,The Procussions,1,13
2013,"Tyler, The Creator",1,13
2013,Alizée,1,12
2013,Beyonce,2,12
2013,Caesars,1,12
2013,Dania Bartolomeo,1,12
2013,Dizzee Rascal,1,12
2013,Hardwell,2,12
2013,Human League,1,12
2013,Israel Kamakawiwo'ole,1,12
2013,Le top des Tout-P'tits,1,12
2013,OutKast,1,12
2013,Rossini,1,12
2013,Venetian Princess,1,12
2013,Amy Macdonald,1,11
2013,Beyoncé,1,11
2013,Faith Hill,1,11
2013,La Roux,1,11
2013,Laurent Wolf,1,11
2013,Le Metropole Orkest,2,11
2013,Led Zeppelin,1,11
2013,Lesiem,1,11
2013,Miranda Cosgrove featuring Drake Bell,1,11
2013,Natasha Bedingfield,1,11
2013,Rob Thomas,1,11
2013,"""Weird Al"" Yankovic & Mike Kieffer",1,10
2013,Booba,1,10
2013,Boris Vian,1,10
2013,Eagles,1,10
2013,Flo Rida,1,10
2013,Freestylers,1,10
2013,Jason Mraz,1,10
2013,Kid Cudi,1,10
2013,Seryoga,1,10
2013,Blue Oyster Cult,1,9
2013,Don Omar,1,9
2013,Johnny Hallyday,1,9
2013,Kris Kross,1,9
2013,Lana Del Rey,1,9
2013,Paris Hilton,1,9
2013,Sak Noel,1,9
2013,Shania Twain,1,9
2013,Sidney Samson,1,9
2013,Soprano,1,9
2013,The Knack,1,9
2013,2 Chainz,1,8
2013,C+C Music Factory,1,8
2013,Dev,1,8
2013,La Fouine,1,8
2013,Moussier Tombola,1,8
2013,Rick Astley,1,8
2013,Rose Royce,1,8
2013,The Pussycat Dolls,1,8
2013,Josh tobin,1,7
2013,Power Music,1,7
2013,Pzk,1,7
2013,Selena Gomez,1,7
2013,Thomas,1,7
2013,Wiz Khalifa,1,7
2013,Chief Keef,1,6
2013,Crystal Castles,1,6
2013,David Bowie,1,6
2013,Electrixx,1,6
2013,Gummibär,1,6
2013,Jim Jamison,1,6
2013,Savage,1,6
2013,Sergio Mendes,1,6
2013,Spandau Ballet,1,6
2013,Booty Full,1,5
2013,HardNox,1,5
2013,Jamie Foxx,1,5
2013,Joris Delacroix,1,5
2013,Tyga,1,5
2013,Wolfgang Amadeus Mozart,1,5
2013,Fergie,1,4
2013,Kelis,1,4
2013,Portishead,1,4
2013,Beethoven,2,2
2013,Borgore,1,2
2013,Yael Naïm,1,1
2013,Bad Musician,1,0
2012,Derek & The Dominos,1,138
2012,Justice,3,118
2012,The Lonely Island,4,107
2012,Superbus,4,103
2012,Avicii,3,78
2012,Train,1,77
2012,Colbie Caillat,1,51
2012,Men Without Hats,1,47
2012,Mos Def,1,45
2012,Weezer,1,45
2012,Duck Sauce,2,41
2012,PH Electro,1,40
2012,Rucka Rucka Ali,3,40
2012,Cher Lloyd,1,36
2012,The Republic Tigers,1,36
2012,Yelle,1,36
2012,Pitbull,1,35
2012,The Police,2,35
2012,Matt & Kim,1,33
2012,Nicki Minaj,2,32
2012,Swedish House Mafia,1,32
2012,Breakbot,2,29
2012,The Proclaimers,1,29
2012,Maroon 5,1,26
2012,JAY Z,1,25
2012,Jean-Luc Lahaye,1,25
2012,Skrillex,1,23
2012,Matt Houston,1,22
2012,Amine Edge & Dance,1,20
2012,Rihanna,1,20
2012,Starsailor,1,20
2012,Frivolous,1,19
2012,Cyndi Lauper,1,18
2012,Desireless,1,18
2012,Diplo,1,18
2012,One Direction,1,18
2012,4 Non Blondes,1,17
2012,Afrojack,1,17
2012,DJ Fresh,1,17
2012,Shoestring,1,16
2012,Del Amitri,1,15
2012,Dr. Dre,1,15
2012,Ellie Goulding,1,15
2012,Sophie B. Hawkins,1,15
2012,Dubba Jonny,1,14
2012,The Dandy Warhols,1,13
2012,Tyga,1,13
2012,Eminem,1,12
2012,Snoop Dogg,1,12
2012,Knife Party,1,11
2012,PSY (Artist),1,10
2012,Bob Marley,1,9
2012,Digital Underground,1,8
2012,Benny Benassi,1,6
2012,A Flock of Seagulls,1,5
2011,Frank Sinatra,8,151
2011,The Beatles,4,105
2011,Frankie Valli & The Four Seasons,1,62
2011,Gérald de Palmas,1,46
2011,Shakira,1,45
2011,David Guetta,1,44
2011,Your Favorite Martian,3,41
2011,Enrique Iglesias,2,35
2011,Rucka Rucka Ali,2,32
2011,Oasis,1,30
2011,MGMT,1,29
2011,Kanye West,1,26
2011,Elvis Presley,1,23
2011,F.R. David,1,23
2011,Coldplay,1,22
2011,Jon Lajoie,1,22
2011,Taio Cruz,1,22
2011,The Script,1,22
2011,BBMak,1,21
2011,Gavin Rossdale,1,21
2011,LMFAO,2,21
2011,Michael Bublé,2,21
2011,B.o.B,1,20
2011,Manu Chao,1,20
2011,Will Smith,1,20
2011,Afroman,1,19
2011,Bob Marley,1,18
2011,Five for Fighting,1,18
2011,The Lonely Island,1,18
2011,Stereo MCs,1,17
2011,KRS-One,1,16
2011,Asia,1,15
2011,Coolio featuring L.V.,1,14
2011,Dead or Alive,1,14
2011,Michael Jackson,1,14
2011,"2Pac, Roger Troutman & Dr. Dre",1,12
2011,Serge Gainsbourg,1,12
2011,Foreigner,1,11
2011,Chamillionaire,1,10
2011,Kim Carnes,1,10
2011,Bassnectar,1,9
2011,Whitesnake,1,9
2011,Ke$ha,1,8
2011,Coolio,1,7
2011,Engelbert,1,6
2011,John Denver & The Muppets,1,6
2011,Rob Thomas,1,3
2010,KC & The Sunshine Band,1,118
2010,The Beatles,4,96
2010,Lady Gaga,1,70
2010,Michael Bublé,1,67
2010,Depeche Mode,3,64
2010,The Corrs,1,58
2010,Rucka Rucka Ali,3,53
2010,Eddy Grant,1,52
2010,Laurent Voulzy,1,47
2010,Snoop Dogg,4,46
2010,Swedish House Mafia,1,35
2010,The Bornagen Beatles,2,35
2010,Rob Thomas,1,32
2010,The Turtles,1,32
2010,Sting,1,31
2010,Wisin & Yandel,1,31
2010,Axel Bauer,1,28
2010,Ringo Starr,1,27
2010,U2,1,27
2010,Booba,2,26
2010,Daft Punk,1,25
2010,David Guetta,1,25
2010,Five for Fighting,1,25
2010,Hits Variété Pop,1,25
2010,Lou Bega,1,24
2010,The Who,1,23
2010,Lily Allen,1,22
2010,Muse,1,22
2010,Shakira,1,22
2010,The Bloody Beetroots,1,21
2010,Good Charlotte,1,20
2010,Sara Bareilles,1,20
2010,The Grouch,1,20
2010,The Kinks,1,20
2010,Billy Joel,1,17
2010,Edward Maya & Vika Jigulina,1,17
2010,Far East Movement,1,16
2010,Lawrence,1,16
2010,Spin Doctors,1,16
2010,Timbaland,1,16
2010,Yolanda Be Cool & DCUP,1,16
2010,Aaron Carter,1,15
2010,Donovan,1,15
2010,Haddaway,1,15
2010,Laurent Wolf,1,15
2010,Corey Hart,1,14
2010,Keane,1,14
2010,Swing Out Sister,1,14
2010,Kid Cudi,1,13
2010,Cee Lo Green,1,12
2010,Vanilla Ice,1,12
2010,Naked Eyes,1,11
2010,Team America,1,11
2010,American Heroes,1,10
2010,Ramones,1,10
2010,Aerosmith,1,9
2010,Rihanna,1,9
2010,Spice Girls,1,9
2010,Steely Dan,1,9
2010,The Black Eyed Peas,1,9
2010,"Eminem, Dr. Dre & 50 Cent",1,7
2010,Cyndi Lauper,1,5
2009,Daft Punk,2,49
2009,The Feeling,1,43
2009,Shakira,1,35
2009,Stevie Wonder,1,32
2009,System of a Down,1,32
2009,Flo Rida,1,29
2009,David Guetta,1,27
2009,Hootie & The Blowfish,1,24
2009,Snow Patrol,1,23
2009,Linkin Park,1,21
2009,Pink Floyd,1,20
2009,The Click Five,1,18
2009,Korn,1,17
2009,Cypress Hill,1,16
2009,Diam's,1,15
2009,The Bangles,1,15
2009,U2,1,15
2009,Britney Spears,1,12
2009,Mac Dre,1,12
2009,Eminem,1,11
2009,Green Day,1,11
2009,LMFAO,1,11
2009,Rob Dougan,1,8
2009,The Prodigy,1,6
2008,Daft Punk,4,181
2008,Madonna,5,107
2008,Tokio Hotel,6,83
2008,Fall Out Boy,5,77
2008,"""Weird Al"" Yankovic",4,73
2008,Cascada,2,71
2008,Gwen Stefani,2,55
2008,Bob Sinclar,2,51
2008,Maroon 5,1,51
2008,Justice,2,47
2008,The Black Eyed Peas,4,47
2008,MIKA,1,46
2008,Britney Spears,2,44
2008,Jack Johnson,2,43
2008,"Big Ali, Bob Sinclar & Dollar Man",1,42
2008,David Bowie,2,41
2008,Nelly Furtado,1,40
2008,Beyoncé,1,39
2008,Breaking Benjamin,2,39
2008,a-ha,1,39
2008,Smash Mouth,2,38
2008,The All-American Rejects,2,38
2008,O-Zone,1,37
2008,Miranda Cosgrove,1,36
2008,Linkin Park,3,35
2008,Journey,1,30
2008,The Rolling Stones,1,26
2008,Coldplay,1,25
2008,Renaud,1,25
2008,Chris Brown,1,24
2008,Jonas Brothers,1,24
2008,Lil Wayne,1,24
2008,Junkie XL,1,23
2008,Green Day,1,22
2008,Public Enemy,1,22
2008,Red Hot Chili Peppers,2,20
2008,Darude,1,19
2008,David Guetta,1,19
2008,Soft Cell,1,19
2008,Vanessa Carlton,1,19
2008,Village People,1,19
2008,Enur,1,17
2008,Louis Armstrong,1,17
2008,Gloria Gaynor,1,16
2008,Guns N' Roses,1,16
2008,Marilyn Manson,1,16
2008,Benny Benassi,1,15
2008,P!nk,1,15
2008,The Cure,1,15
2008,Twisted Sister,1,15
2008,Michael Jackson,2,13
2008,John Mayer,1,12
2008,Placebo,1,12
2008,Gym Class Heroes featuring Patrick Stump,1,11
2008,Sean Paul,1,11
2008,T.I.,1,10
2008,Boy George,1,9
2008,Bob Marley,1,6
2008,Drake Bell,1,6
2008,MC Hammer,1,6
2008,Timbaland,1,6
2008,Laurent Wolf,1,5
2008,Soulja Boy Tell 'Em,1,4
2007,Natalie Imbruglia,1,39
2007,James Blunt,1,30
2007,Crazy Frog,1,19
2007,Avril Lavigne,1,11
2006,The Pogues,1,71
2006,Johnny Cash,1,42
2006,Tracy Chapman,1,37
2006,Grand Funk Railroad,1,8
2005,ABBA,2,137
2005,Robbie Williams,3,123
2005,Green Day,1,122
2005,Maroon 5,1,42
2004,Maroon 5,1,55
2004,James Taylor,1,36
2004,Survivor,1,11
2004,The Who,1,9
2004,The J. Geils Band,1,7
